Month,"Monthly sunspot number, Zurich, 1749-1983",a1,a2
1749-01,58,58,58
1749-02,62.6,62.6,62.6
1749-03,70,70,70
1749-04,55.7,55.7,55.7
1749-05,85,85,85
1749-06,83.5,83.5,83.5
1749-07,94.8,94.8,94.8
1749-08,66.3,66.3,66.3
1749-09,75.9,75.9,75.9
1749-10,75.5,72.42222222,72.42222222
1749-11,158.6,74.36666667,74.02469136
1749-12,85.2,85.03333333,75.33209877
1750-01,73.3,86.72222222,77.00246914
1750-02,75.9,88.67777778,80.44938272
1750-03,89.2,87.66666667,80.85802469
1750-04,88.3,88.3,81.32098765
1750-05,90,87.57777778,80.59876543
1750-06,100,90.21111111,82.96296296
1750-07,85.4,92.88888889,84.55308642
1750-08,103,93.98888889,86.82716049
1750-09,91.2,87.81111111,89.00740741
1750-10,65.7,88.47777778,89.31604938
1750-11,63.3,87.63333333,89.51111111
1750-12,75.4,86.23333333,89.39506173
1751-01,70,84.7,89.23580247
1751-02,43.5,82.66666667,88.83580247
1751-03,45.3,77.5,88.29012346
1751-04,56.4,71.42222222,86.87777778
1751-05,60.7,68.2,84.49259259
1751-06,50.7,63.5,81.62716049
1751-07,66.3,59,78.92592593
1751-08,59.8,59.06666667,75.65061728
1751-09,23.5,58.67777778,72.47654321
1751-10,23.2,52.91111111,69.41481481
1751-11,28.5,47.71111111,65.88271605
1751-12,44,46.04444444,61.99876543
1752-01,35,45.9,58.5037037
1752-02,50,43.52222222,55.66790123
1752-03,71,42.33333333,52.92592593
1752-04,59.3,44.58888889,50.57407407
1752-05,59.7,43.81111111,48.97283951
1752-06,39.6,43.8,47.27777778
1752-07,78.4,45.58888889,45.62469136
1752-08,29.3,51.72222222,44.81111111
1752-09,27.1,51.81111111,45.25679012
1752-10,46.6,49.93333333,45.89753086
1752-11,37.6,51.22222222,46.34567901
1752-12,40,49.84444444,47.20123457
1753-01,44,46.4,48.03580247
1753-02,32,44.7,48.23703704
1753-03,45.7,41.62222222,48.33580247
1753-04,38,42.3,48.09382716
1753-05,36,37.81111111,47.72839506
1753-06,31.7,38.55555556,46.18271605
1753-07,22.2,39.06666667,44.70987654
1753-08,39,36.35555556,43.50246914
1753-09,28,36.51111111,41.85061728
1753-10,25,35.17777778,40.3691358
1753-11,20,33.06666667,39.12222222
1753-12,6.7,31.73333333,37.82962963
1754-01,0,27.4,36.7308642
1754-02,3,23.17777778,35.07530864
1754-03,1.7,19.51111111,33.44938272
1754-04,13.7,16.17777778,31.33333333
1754-05,20.7,15.23333333,28.79012346
1754-06,26.7,13.2,26.44320988
1754-07,18.8,13.05555556,23.85308642
1754-08,12.3,12.36666667,21.39506173
1754-09,8.2,11.51111111,19.09506173
1754-10,24.1,11.67777778,16.84814815
1754-11,13.2,14.35555556,15.10123457
1754-12,4.2,15.48888889,14.12098765
1755-01,10.2,15.76666667,13.67407407
1755-02,11.2,15.37777778,13.62839506
1755-03,6.8,14.32222222,13.64444444
1755-04,6.5,12.11111111,13.7691358
1755-05,0,10.74444444,13.66419753
1755-06,0,9.377777778,13.48395062
1755-07,8.6,8.466666667,13.24691358
1755-08,3.2,6.744444444,12.89012346
1755-09,17.8,5.633333333,12.04444444
1755-10,23.7,7.144444444,10.94938272
1755-11,6.8,8.644444444,9.991358025
1755-12,20,8.155555556,9.243209877
1756-01,12.5,9.622222222,8.558024691
1756-02,7.1,10.28888889,8.281481481
1756-03,5.4,11.07777778,8.230864198
1756-04,9.4,11.67777778,8.419753086
1756-05,12.5,11.76666667,8.77654321
1756-06,12.9,12.8,9.334567901
1756-07,3.6,12.25555556,10.1308642
1756-08,6.4,10.02222222,10.69876543
1756-09,11.8,9.977777778,10.85185185
1756-10,14.3,9.066666667,11.05432099
1756-11,17,9.266666667,10.99259259
1756-12,9.4,10.36666667,10.87901235
1757-01,14.1,10.81111111,10.8
1757-02,21.2,11.33333333,10.7037037
1757-03,26.2,12.3,10.65555556
1757-04,30,13.77777778,10.6
1757-05,38.1,16.71111111,10.7691358
1757-06,12.8,20.23333333,11.51234568
1757-07,25,20.34444444,12.65185185
1757-08,51.3,21.53333333,13.90493827
1757-09,39.7,25.34444444,15.26790123
1757-10,32.5,28.71111111,16.93209877
1757-11,64.7,30.75555556,18.92098765
1757-12,33.5,35.58888889,21.07901235
1758-01,37.6,36.4,23.66666667
1758-02,52,37.24444444,26.18024691
1758-03,49,38.78888889,28.4617284
1758-04,72.3,42.81111111,30.52345679
1758-05,46.4,48.06666667,33.01975309
1758-06,45,47.52222222,35.96790123
1758-07,44,48.11111111,38.43209877
1758-08,38.7,49.38888889,40.58765432
1758-09,62.5,46.5,42.65802469
1758-10,37.7,49.72222222,43.87037037
1758-11,43,49.73333333,45.35061728
1758-12,43,48.73333333,46.7382716
1759-01,48.3,48.06666667,47.84320988
1759-02,44,45.4,48.42716049
1759-03,46.8,45.13333333,48.1308642
1759-04,47,45.33333333,47.8654321
1759-05,49,45.66666667,47.55679012
1759-06,50,46.81111111,47.14320988
1759-07,51,45.42222222,47.17777778
1759-08,71.3,46.9,46.7
1759-09,77.2,50.04444444,46.38518519
1759-10,59.7,53.84444444,46.5308642
1759-11,46.3,55.11111111,47.17283951
1759-12,57,55.36666667,48.25185185
1760-01,67.3,56.5,49.38888889
1760-02,59.5,58.75555556,50.62962963
1760-03,74.7,59.92222222,52.08395062
1760-04,58.3,62.66666667,53.54074074
1760-05,72,63.47777778,55.45679012
1760-06,48.3,63.55555556,57.29876543
1760-07,66,60.34444444,58.8
1760-08,75.6,61.04444444,59.52222222
1760-09,61.3,64.3,60.18148148
1760-10,50.6,64.77777778,61.17407407
1760-11,59.7,62.92222222,62.09382716
1760-12,61,62.94444444,62.55679012
1761-01,70,61.42222222,62.89259259
1761-02,91,62.72222222,62.75432099
1761-03,80.7,64.83333333,62.67037037
1761-04,71.7,68.43333333,62.81234568
1761-05,107.2,69.06666667,63.71111111
1761-06,99.3,72.57777778,64.60246914
1761-07,94.1,76.8,65.52222222
1761-08,91.1,81.63333333,66.85802469
1761-09,100.7,85.12222222,68.93703704
1761-10,88.7,89.53333333,71.40123457
1761-11,89.7,91.61111111,74.52469136
1761-12,46,91.46666667,77.7345679
1762-01,43.8,87.61111111,80.69382716
1762-02,72.8,84.51111111,82.82469136
1762-03,45.7,80.68888889,84.54074074
1762-04,60.2,74.73333333,85.44197531
1762-05,39.9,70.96666667,85.21234568
1762-06,77.1,65.27777778,84.02716049
1762-07,33.8,62.65555556,81.82222222
1762-08,67.7,56.55555556,78.83580247
1762-09,68.5,54.11111111,74.94074074
1762-10,69.3,56.61111111,70.79012346
1762-11,77.8,59.44444444,67.34567901
1762-12,77.2,60,64.56049383
1763-01,56.5,63.5,62.2617284
1763-02,31.9,63.08888889,61.01358025
1763-03,34.2,62.2,60.1382716
1763-04,32.9,57.43333333,59.7962963
1763-05,32.7,57.33333333,59.21604938
1763-06,35.8,53.44444444,59.30246914
1763-07,54.2,49.81111111,59.22839506
1763-08,26.5,48.13333333,58.47283951
1763-09,68.1,42.43333333,57.21604938
1763-10,46.3,41.42222222,55.26419753
1763-11,60.9,40.28888889,52.81111111
1763-12,61.4,43.51111111,50.27777778
1764-01,59.7,46.53333333,48.20123457
1764-02,59.7,49.51111111,46.99012346
1764-03,40.2,52.51111111,46.12098765
1764-04,34.4,53,46.01728395
1764-05,44.3,50.8,46.37160494
1764-06,30,52.77777778,46.66790123
1764-07,30,48.54444444,47.81728395
1764-08,30,46.73333333,48.60864198
1764-09,28.2,43.3,49.32469136
1764-10,28,39.61111111,49.30123457
1764-11,26,36.08888889,48.53209877
1764-12,25.7,32.34444444,47.04074074
1765-01,24,30.73333333,44.8
1765-02,26,29.57777778,42.32592593
1765-03,25,27.54444444,39.96790123
1765-04,22,26.98888889,37.16419753
1765-05,20.2,26.1,34.7691358
1765-06,20,25.01111111,32.47654321
1765-07,27,24.1,30.44444444
1765-08,29.7,23.98888889,28.72098765
1765-09,16,24.4,27.37654321
1765-10,14,23.32222222,26.49382716
1765-11,14,22.21111111,25.67037037
1765-12,13,20.87777778,24.85185185
1766-01,12,19.54444444,24.11111111
1766-02,11,18.43333333,23.28395062
1766-03,36.6,17.41111111,22.43209877
1766-04,6,19.25555556,21.58765432
1766-05,26.8,16.92222222,21.04938272
1766-06,3,16.6,20.26419753
1766-07,3.3,15.15555556,19.39753086
1766-08,4,13.96666667,18.49012346
1766-09,4.3,12.85555556,17.57407407
1766-10,5,11.88888889,16.68271605
1766-11,5.7,11.11111111,15.83209877
1766-12,19.2,10.52222222,15.01851852
1767-01,27.4,8.588888889,14.25308642
1767-02,30,10.96666667,13.06790123
1767-03,43,11.32222222,12.40617284
1767-04,32.9,15.76666667,11.81975309
1767-05,29.8,19.05555556,11.88765432
1767-06,33.3,21.92222222,12.45308642
1767-07,21.9,25.14444444,13.46049383
1767-08,40.8,27.02222222,14.93333333
1767-09,42.7,30.92222222,16.70123457
1767-10,44.1,33.53333333,18.96790123
1767-11,54.7,35.38888889,21.73950617
1767-12,53.3,38.13333333,24.45308642
1768-01,53.5,39.27777778,27.43209877
1768-02,66.1,41.56666667,30.04444444
1768-03,46.3,45.6,32.54567901
1768-04,42.7,47.04444444,35.17654321
1768-05,77.7,49.35555556,37.60987654
1768-06,77.4,53.45555556,40.09135802
1768-07,52.6,57.31111111,42.59506173
1768-08,66.8,58.25555556,45.23703704
1768-09,74.8,59.6,47.77777778
1768-10,77.8,61.98888889,50.16296296
1768-11,90.6,64.68888889,52.68641975
1768-12,111.8,67.41111111,55.25555556
1769-01,73.9,74.68888889,57.67901235
1769-02,64.2,78.15555556,60.75061728
1769-03,64.3,76.65555556,63.95061728
1769-04,96.7,75.2,66.52839506
1769-05,73.6,80.1,68.51604938
1769-06,94.4,80.85555556,70.94320988
1769-07,118.6,83.03333333,73.30493827
1769-08,120.3,87.56666667,75.64320988
1769-09,148.8,90.86666667,78.18518519
1769-10,158.2,94.97777778,80.79135802
1769-11,148.1,104.3444444,83.04567901
1769-12,112,113.6666667,85.95555556
1770-01,104,118.9666667,90.06790123
1770-02,142.5,119.7777778,94.9308642
1770-03,80.1,127.4333333,99.33950617
1770-04,51,125.8444444,104.5148148
1770-05,70.1,118.3333333,109.2716049
1770-06,83.3,112.7555556,112.6901235
1770-07,109.8,105.4777778,115.1222222
1770-08,126.3,100.1,116.2888889
1770-09,104.4,97.67777778,115.817284
1770-10,103.6,96.83333333,114.0407407
1770-11,132.2,96.78888889,111.5814815
1770-12,102.3,95.64444444,109.0271605
1771-01,36,98.11111111,105.4950617
1771-02,46.2,96.44444444,102.4135802
1771-03,46.7,93.78888889,99.98148148
1771-04,64.9,89.72222222,97.87407407
1771-05,152.7,84.73333333,96.12345679
1771-06,119.5,87.66666667,94.41604938
1771-07,67.7,89.34444444,93.3037037
1771-08,58.5,85.35555556,92.47160494
1771-09,101.4,77.16666667,91.20123457
1771-10,90,77.06666667,89.14814815
1771-11,99.7,83.06666667,86.80987654
1771-12,95.7,89.01111111,85.32345679
1772-01,100.9,94.45555556,84.79259259
1772-02,90.8,98.45555556,85.31851852
1772-03,31.1,91.57777778,86.84320988
1772-04,92.2,81.75555556,87.27777778
1772-05,38,84.47777778,86.4345679
1772-06,57,82.2,86.33703704
1772-07,77.3,77.26666667,86.8962963
1772-08,56.2,75.85555556,86.91851852
1772-09,50.5,71.02222222,86.11728395
1772-10,78.6,66,84.11851852
1772-11,61.3,63.52222222,80.95679012
1772-12,64,60.24444444,77.07530864
1773-01,54.6,63.9,73.59382716
1773-02,29,59.72222222,71.60987654
1773-03,51.2,58.72222222,68.85925926
1773-04,32.9,58.07777778,66.25061728
1773-05,41.1,53.14444444,64.11851852
1773-06,28.4,51.46666667,61.59506173
1773-07,27.7,49.01111111,59.42222222
1773-08,12.7,43.35555556,57.5345679
1773-09,29.3,37.95555556,55.29382716
1773-10,26.3,34.1,52.81728395
1773-11,40.9,30.95555556,49.50617284
1773-12,43.2,32.27777778,46.30987654
1774-01,46.8,31.38888889,43.37160494
1774-02,65.4,32.93333333,40.40617284
1774-03,55.7,35.63333333,38.16049383
1774-04,43.8,38.66666667,36.40123457
1774-05,51.3,40.45555556,35.25185185
1774-06,28.5,44.74444444,34.92962963
1774-07,17.5,44.65555556,35.68395062
1774-08,6.6,43.67777778,36.85679012
1774-09,7.9,39.86666667,38.27037037
1774-10,14,35.94444444,39.11358025
1774-11,17.7,32.3,39.61975309
1774-12,12.2,27,39.54938272
1775-01,4.4,22.16666667,38.59012346
1775-02,0,17.78888889,36.75679012
1775-03,11.6,12.08888889,34.2382716
1775-04,11.2,10.21111111,30.60987654
1775-05,3.9,9.511111111,26.78271605
1775-06,12.3,9.211111111,22.98641975
1775-07,1,9.7,19.58024691
1775-08,7.9,8.255555556,16.66419753
1775-09,3.2,7.166666667,13.99259259
1775-10,5.6,6.166666667,11.78888889
1775-11,15.1,6.3,10.01111111
1775-12,7.9,7.977777778,8.734567901
1776-01,21.7,7.566666667,8.277777778
1776-02,11.6,8.733333333,7.983950617
1776-03,6.3,9.588888889,7.897530864
1776-04,21.8,8.922222222,7.939506173
1776-05,11.2,11.23333333,7.85308642
1776-06,19,11.6,8.183950617
1776-07,1,13.35555556,8.67654321
1776-08,24.2,12.84444444,9.475308642
1776-09,16,13.85555556,10.20246914
1776-10,30,14.75555556,10.85555556
1776-11,35,15.67777778,11.65432099
1776-12,40,18.27777778,12.42592593
1777-01,45,22.02222222,13.39135802
1777-02,36.5,24.6,14.84691358
1777-03,39,27.41111111,16.33209877
1777-04,95.5,29.63333333,18.08888889
1777-05,80.3,40.13333333,19.89753086
1777-06,80.7,46.36666667,22.92962963
1777-07,95,53.55555556,26.54197531
1777-08,112,60.77777778,30.85308642
1777-09,116.2,69.33333333,35.86419753
1777-10,106.5,77.8,41.53703704
1777-11,146,84.63333333,47.7345679
1777-12,157.3,96.8,54.40493827
1778-01,177.3,109.9444444,62.11481481
1778-02,109.3,119.0333333,71.0382716
1778-03,134,122.2555556,79.80493827
1778-04,145,128.1777778,88.23703704
1778-05,238.9,133.7333333,96.52839506
1778-06,171.6,147.8333333,104.6345679
1778-07,153,153.9888889,113.3567901
1778-08,140,159.1555556,121.8222222
1778-09,171.7,158.4888889,130.1024691
1778-10,156.3,160.0888889,136.9567901
1778-11,150.3,157.7555556,142.5283951
1778-12,105,162.3111111,146.8308642
1779-01,114.7,159.0888889,151.2814815
1779-02,165.7,155.7222222,154.7160494
1779-03,118,147.5888889,157.1592593
1779-04,145,141.6333333,157.1320988
1779-05,140,140.7444444,155.7592593
1779-06,113.7,140.7444444,153.7135802
1779-07,143,134.3,151.7419753
1779-08,112,132.8222222,148.8765432
1779-09,111,128.5666667,146.1061728
1779-10,124,129.2333333,142.3567901
1779-11,114,130.2666667,139.0395062
1779-12,110,124.5222222,136.2111111
1780-01,70,123.6333333,133.6481481
1780-02,98,115.3,131.6481481
1780-03,98,110.6333333,128.8209877
1780-04,95,108.8888889,125.4753086
1780-05,107.2,103.5555556,122.6518519
1780-06,88,103.0222222,119.4
1780-07,86,100.4666667,116.5617284
1780-08,86,96.24444444,113.3654321
1780-09,93.7,93.13333333,109.5851852
1780-10,77,91.32222222,106.0975309
1780-11,60,92.1,102.5074074
1780-12,58.7,87.87777778,99.92962963
1781-01,98.7,83.51111111,97.40123457
1781-02,74.7,83.92222222,94.58148148
1781-03,53,80.31111111,92.4
1781-04,68.3,76.42222222,89.87654321
1781-05,104.7,74.45555556,87.20493827
1781-06,97.7,76.53333333,84.78395062
1781-07,73.5,76.97777778,82.93950617
1781-08,66,76.58888889,81.34567901
1781-09,51,77.25555556,79.62222222
1781-10,27.3,76.4,78.44197531
1781-11,67,68.46666667,77.65185185
1781-12,35.2,67.61111111,75.9345679
1782-01,54,65.63333333,74.52345679
1782-02,37.5,64.04444444,73.32469136
1782-03,37,56.57777778,72.16790123
1782-04,41,49.83333333,69.95061728
1782-05,54.3,46.22222222,66.9345679
1782-06,38,44.92222222,63.56049383
1782-07,37,43.47777778,59.96790123
1782-08,44,44.55555556,56.30987654
1782-09,34,42,53.65308642
1782-10,23.2,41.86666667,50.80740741
1782-11,31.5,38.44444444,48.16666667
1782-12,30,37.77777778,45.32222222
1783-01,28,37,43.23333333
1783-02,38.7,35.55555556,41.80740741
1783-03,26.7,33.82222222,40.62222222
1783-04,28.3,32.56666667,39.38888889
1783-05,23,31.6,38.17654321
1783-06,25.2,29.26666667,36.73703704
1783-07,32.2,28.28888889,35.32222222
1783-08,20,29.28888889,33.81358025
1783-09,18,28.01111111,32.7962963
1783-10,8,26.67777778,31.71111111
1783-11,15,24.45555556,30.56419753
1783-12,10.5,21.82222222,29.3308642
1784-01,13,20.02222222,27.99753086
1784-02,8,18.32222222,26.6037037
1784-03,11,16.65555556,25.12839506
1784-04,10,15.07777778,23.72716049
1784-05,6,12.61111111,22.25925926
1784-06,9,11.05555556,20.40617284
1784-07,6,10.05555556,18.52222222
1784-08,10,9.833333333,16.67530864
1784-09,10,9.277777778,15.05061728
1784-10,8,9.222222222,13.65679012
1784-11,17,8.666666667,12.45679012
1784-12,14,9.666666667,11.38395062
1785-01,6.5,10,10.60740741
1785-02,8,9.611111111,10.04320988
1785-03,9,9.833333333,9.709876543
1785-04,15.7,9.833333333,9.574074074
1785-05,20.7,10.91111111,9.549382716
1785-06,26.3,12.1,9.669135802
1785-07,36.3,13.91111111,9.982716049
1785-08,20,17.05555556,10.5037037
1785-09,32,17.38888889,11.43580247
1785-10,47.2,19.38888889,12.29382716
1785-11,40.2,23.91111111,13.33703704
1785-12,27.3,27.48888889,14.92592593
1786-01,37.2,29.52222222,16.88765432
1786-02,47.6,31.91111111,19.07530864
1786-03,47.7,34.9,21.40864198
1786-04,85.4,37.27777778,23.94197531
1786-05,92.3,42.73333333,26.5382716
1786-06,59,50.76666667,29.39135802
1786-07,83,53.76666667,33.1
1786-08,89.7,57.74444444,36.91975309
1786-09,111.5,63.24444444,40.67901235
1786-10,112.3,72.6,44.65185185
1786-11,116,80.94444444,49.4382716
1786-12,112.7,88.54444444,54.88641975
1787-01,134.7,95.76666667,60.84691358
1787-02,106,101.2444444,67.34567901
1787-03,87.4,102.7666667,73.84691358
1787-04,127.2,105.9222222,79.62469136
1787-05,134.8,110.8333333,85.41975309
1787-06,99.2,115.8444444,91.31851852
1787-07,128,114.4777778,97.16296296
1787-08,137.2,116.2222222,101.8160494
1787-09,157.3,118.5777778,105.7358025
1787-10,157,123.5333333,109.0728395
1787-11,141.5,126.0111111,112.1580247
1787-12,174,129.9555556,114.9098765
1788-01,138,139.5777778,117.9308642
1788-02,129.2,140.7777778,121.6703704
1788-03,143.3,140.1555556,124.9975309
1788-04,108.5,145.0555556,127.6987654
1788-05,113,142.8888889,131.0962963
1788-06,154.2,140.2,134.0592593
1788-07,141.5,139.8555556,136.4617284
1788-08,136,138.1333333,138.2753086
1788-09,141,137.5222222,139.6222222
1788-10,142,133.8555556,140.462963
1788-11,94.7,134.3,139.8271605
1788-12,129.5,130.4666667,139.1074074
1789-01,114,128.9333333,138.0308642
1789-02,125.3,129.5444444,136.2395062
1789-03,120,130.9111111,134.7567901
1789-04,123.3,127.1111111,133.7246914
1789-05,123.5,125.0888889,132.308642
1789-06,120,123.7,130.8592593
1789-07,117,121.3666667,129.3234568
1789-08,103,118.5888889,127.9358025
1789-09,112,119.5111111,126.1901235
1789-10,89.7,117.5666667,124.9728395
1789-11,134,114.8666667,123.7098765
1789-12,135.5,115.8333333,122.0790123
1790-01,103,117.5555556,120.4037037
1790-02,127.5,115.3,119.3419753
1790-03,96.3,115.7444444,118.254321
1790-04,94,113.1111111,117.3703704
1790-05,93,110.5555556,116.4530864
1790-06,91,109.4444444,115.5604938
1790-07,69.3,107.1111111,114.4419753
1790-08,87,104.8444444,113.2802469
1790-09,77.3,99.62222222,112.1666667
1790-10,84.3,93.15555556,110.3654321
1790-11,82,91.07777778,107.654321
1790-12,74,86.02222222,104.962963
1791-01,72.7,83.54444444,101.6604938
1791-02,62,81.17777778,98.37530864
1791-03,74,77.73333333,95.11111111
1791-04,77.2,75.84444444,91.58765432
1791-05,73.7,76.72222222,88.11358025
1791-06,64.2,75.24444444,84.98888889
1791-07,71,73.78888889,82.28024691
1791-08,43,72.31111111,80.12839506
1791-09,66.5,67.97777778,78.04320988
1791-10,61.7,67.14444444,76.0382716
1791-11,67,65.92222222,74.21604938
1791-12,66,66.47777778,72.52098765
1792-01,58,65.58888889,71.27037037
1792-02,64,63.45555556,70.1308642
1792-03,63,62.37777778,68.65679012
1792-04,75.7,62.24444444,67.22716049
1792-05,62,62.76666667,65.94444444
1792-06,61,64.87777778,64.88395062
1792-07,45.8,64.26666667,64.53950617
1792-08,60,62.5,64.21975309
1792-09,59,61.72222222,63.83950617
1792-10,59,60.94444444,63.31111111
1792-11,57,61.05555556,62.79506173
1792-12,56,60.27777778,62.52839506
1793-01,56,59.5,62.29506173
1793-02,55,57.31111111,61.99012346
1793-03,55.5,56.53333333,61.38395062
1793-04,53,55.92222222,60.45679012
1793-05,52.3,56.72222222,59.52962963
1793-06,51,55.86666667,58.88765432
1793-07,50,54.97777778,58.23703704
1793-08,29.3,53.97777778,57.57407407
1793-09,24,50.9,56.78765432
1793-10,47,47.34444444,55.74567901
1793-11,44,46.34444444,54.39506173
1793-12,45.7,45.12222222,53.17654321
1794-01,45,44.03333333,51.90864198
1794-02,44,43.14444444,50.58765432
1794-03,38,42.22222222,49.07901235
1794-04,28.4,40.77777778,47.56296296
1794-05,55.7,38.37777778,45.98518519
1794-06,41.5,41.31111111,44.25185185
1794-07,41,43.25555556,43.18641975
1794-08,40,42.58888889,42.73209877
1794-09,11.1,42.14444444,42.31481481
1794-10,28.5,38.3,41.98395062
1794-11,67.4,36.46666667,41.34691358
1794-12,51.4,39.06666667,40.60493827
1795-01,21.4,40.55555556,40.25432099
1795-02,39.9,39.77777778,40.22962963
1795-03,12.6,38.02222222,40.38518519
1795-04,18.6,34.81111111,40.01975309
1795-05,31,32.32222222,39.08148148
1795-06,17.1,31.32222222,37.94074074
1795-07,12.9,31.98888889,36.7382716
1795-08,25.7,30.25555556,36.03703704
1795-09,13.5,25.62222222,35.34691358
1795-10,19.5,21.41111111,33.85308642
1795-11,25,21.2,31.72592593
1795-12,18,19.54444444,29.6617284
1796-01,22,20.14444444,27.60864198
1796-02,23.8,20.52222222,25.97901235
1796-03,15.7,19.72222222,24.66790123
1796-04,31.7,19.56666667,23.37901235
1796-05,21,21.65555556,21.99876543
1796-06,6.7,21.13333333,21.04320988
1796-07,26.9,20.37777778,20.54444444
1796-08,1.5,21.2,20.42962963
1796-09,18.4,18.58888889,20.42962963
1796-10,11,18.63333333,20.32345679
1796-11,8.4,17.41111111,20.15555556
1796-12,5.1,15.7,19.80987654
1797-01,14.4,14.52222222,19.36296296
1797-02,4.2,12.6,18.80246914
1797-03,4,10.73333333,17.7962963
1797-04,4,10.43333333,16.64074074
1797-05,7.3,7.888888889,15.53580247
1797-06,11.1,8.533333333,14.05679012
1797-07,4.3,7.722222222,12.93950617
1797-08,6,6.977777778,11.72716049
1797-09,5.7,6.711111111,10.56790123
1797-10,6.9,6.777777778,9.569135802
1797-11,5.8,5.944444444,8.708641975
1797-12,3,6.122222222,7.969135802
1798-01,2,6.011111111,7.456790123
1798-02,4,5.788888889,6.965432099
1798-03,12.4,5.422222222,6.732098765
1798-04,1.1,5.566666667,6.386419753
1798-05,0,5.211111111,6.14691358
1798-06,0,4.544444444,5.950617284
1798-07,0,3.911111111,5.709876543
1798-08,3,3.144444444,5.391358025
1798-09,2.4,2.833333333,5.080246914
1798-10,1.5,2.766666667,4.714814815
1798-11,12.5,2.711111111,4.354320988
1798-12,9.9,3.655555556,4.012345679
1799-01,1.6,3.377777778,3.816049383
1799-02,12.6,3.433333333,3.572839506
1799-03,21.7,4.833333333,3.375308642
1799-04,8.4,7.244444444,3.407407407
1799-05,8.2,8.177777778,3.777777778
1799-06,10.6,8.755555556,4.337037037
1799-07,2.1,9.666666667,4.995061728
1799-08,0,9.733333333,5.761728395
1799-09,0,8.344444444,6.541975309
1799-10,4.6,7.244444444,7.062962963
1799-11,2.7,7.577777778,7.492592593
1799-12,8.6,6.477777778,7.95308642
1800-01,6.9,5.022222222,8.135802469
1800-02,9.3,4.855555556,7.888888889
1800-03,13.9,4.977777778,7.519753086
1800-04,0,5.344444444,7.1
1800-05,5,5.111111111,6.619753086
1800-06,23.7,5.666666667,6.10617284
1800-07,21,8.3,5.808641975
1800-08,19.5,10.12222222,5.925925926
1800-09,11.5,11.98888889,6.208641975
1800-10,12.3,12.31111111,6.820987654
1800-11,10.5,12.91111111,7.630864198
1800-12,40.1,13.04444444,8.525925926
1801-01,27,15.95555556,9.422222222
1801-02,29,18.95555556,10.60123457
1801-03,30,21.62222222,12.13950617
1801-04,31,22.32222222,13.91234568
1801-05,32,23.43333333,15.47037037
1801-06,31.2,24.82222222,16.94938272
1801-07,35,27.01111111,18.37530864
1801-08,38.7,29.53333333,20.00864198
1801-09,33.5,32.66666667,21.85555556
1801-10,32.6,31.93333333,24.03580247
1801-11,39.8,32.55555556,25.81111111
1801-12,48.2,33.75555556,27.32222222
1802-01,47.8,35.77777778,28.67037037
1802-02,47,37.64444444,30.1654321
1802-03,40.8,39.31111111,31.74444444
1802-04,42,40.37777778,33.35432099
1802-05,44,41.15555556,34.83950617
1802-06,46,41.74444444,36.1308642
1802-07,48,43.13333333,37.13950617
1802-08,50,44.84444444,38.38395062
1802-09,51.8,45.97777778,39.74938272
1802-10,38.5,46.37777778,41.10740741
1802-11,34.5,45.34444444,42.28518519
1802-12,50,43.95555556,43.14074074
1803-01,50,44.97777778,43.65679012
1803-02,50.8,45.86666667,44.16790123
1803-03,29.5,46.62222222,44.69135802
1803-04,25,44.78888889,45.23333333
1803-05,44.3,42.23333333,45.41728395
1803-06,36,41.6,45.12716049
1803-07,48.3,39.84444444,44.64074074
1803-08,34.1,40.93333333,43.91481481
1803-09,45.3,40.88888889,43.42469136
1803-10,54.3,40.36666667,43.08395062
1803-11,51,40.84444444,42.57160494
1803-12,48,40.86666667,42.01358025
1804-01,45.3,42.92222222,41.37407407
1804-02,48.3,45.17777778,41.16666667
1804-03,48,45.62222222,41.49382716
1804-04,50.6,46.95555556,41.94074074
1804-05,33.4,47.21111111,42.7308642
1804-06,34.8,47.13333333,43.42839506
1804-07,29.8,45.96666667,44.12222222
1804-08,43.1,43.24444444,44.74444444
1804-09,53,42.36666667,45.01111111
1804-10,62.3,42.92222222,45.17777778
1804-11,61,44.81111111,45.17777778
1804-12,60,46.22222222,45.13703704
1805-01,61,47.55555556,45.2037037
1805-02,44.1,48.71111111,45.27037037
1805-03,51.4,49.9,45.43703704
1805-04,37.5,51.74444444,45.74444444
1805-05,39,52.6,46.38641975
1805-06,40.5,52.14444444,47.42592593
1805-07,37.6,50.75555556,48.51234568
1805-08,42.7,48.01111111,49.38271605
1805-09,44.4,45.97777778,49.7382716
1805-10,29.4,44.24444444,49.71111111
1805-11,41,40.73333333,49.34320988
1805-12,38.3,40.38888889,48.45679012
1806-01,39,38.93333333,47.4
1806-02,29.6,39.1,45.97654321
1806-03,32.7,38.05555556,44.47654321
1806-04,27.7,37.18888889,42.91111111
1806-05,26.4,36.08888889,41.4037037
1806-06,25.6,34.27777778,40.07901235
1806-07,30,32.18888889,38.77901235
1806-08,26.3,32.25555556,37.43950617
1806-09,24,30.62222222,36.49753086
1806-10,27,29.03333333,35.41234568
1806-11,25,27.7,34.31234568
1806-12,24,27.18888889,33.04567901
1807-01,12,26.22222222,31.8382716
1807-02,12.2,24.47777778,30.61975309
1807-03,9.6,22.9,29.32962963
1807-04,23.8,21.12222222,28.0654321
1807-05,10,20.43333333,26.83580247
1807-06,12,18.62222222,25.52222222
1807-07,12.7,17.28888889,24.18888889
1807-08,12,15.7,22.88395062
1807-09,5.7,14.25555556,21.55061728
1807-10,8,12.22222222,20.11358025
1807-11,2.6,11.77777778,18.55802469
1807-12,0,10.71111111,17.14691358
1808-01,0,9.644444444,15.79259259
1808-02,4.5,7,14.51728395
1808-03,0,6.388888889,13.02469136
1808-04,12.3,5.055555556,11.6654321
1808-05,13.5,5.011111111,10.30617284
1808-06,13.5,5.177777778,9.118518519
1808-07,6.7,6.044444444,8.109876543
1808-08,8,5.9,7.42345679
1808-09,11.7,6.5,6.77037037
1808-10,4.7,7.8,6.302469136
1808-11,10.5,8.322222222,6.097530864
1808-12,12.3,8.988888889,6.244444444
1809-01,7.2,10.35555556,6.533333333
1809-02,9.2,9.788888889,7.122222222
1809-03,0.9,9.311111111,7.65308642
1809-04,2.5,7.911111111,8.112345679
1809-05,2,7.444444444,8.319753086
1809-06,7.7,6.777777778,8.491358025
1809-07,0.3,6.333333333,8.522222222
1809-08,0.2,5.844444444,8.359259259
1809-09,0.4,4.7,8.083950617
1809-10,0,3.377777778,7.607407407
1809-11,0,2.577777778,6.832098765
1809-12,0,1.555555556,6.030864198
1810-01,0,1.455555556,5.169135802
1810-02,0,1.177777778,4.451851852
1810-03,0,0.955555556,3.755555556
1810-04,0,0.1,3.108641975
1810-05,0,0.066666667,2.416049383
1810-06,0,0.044444444,1.774074074
1810-07,0,0,1.256790123
1810-08,0,0,0.881481481
1810-09,0,0,0.595061728
1810-10,0,0,0.422222222
1810-11,0,0,0.260493827
1810-12,0,0,0.12962963
1811-01,0,0,0.02345679
1811-02,0,0,0.012345679
1811-03,0,0,0.004938272
1811-04,0,0,0
1811-05,0,0,0
1811-06,0,0,0
1811-07,6.6,0,0
1811-08,0,0.733333333,0
1811-09,2.4,0.733333333,0.081481481
1811-10,6.1,1,0.162962963
1811-11,0.8,1.677777778,0.274074074
1811-12,1.1,1.766666667,0.460493827
1812-01,11.3,1.888888889,0.656790123
1812-02,1.9,3.144444444,0.866666667
1812-03,0.7,3.355555556,1.216049383
1812-04,0,3.433333333,1.588888889
1812-05,1,2.7,1.97037037
1812-06,1.3,2.811111111,2.188888889
1812-07,0.5,2.688888889,2.419753086
1812-08,15.6,2.066666667,2.607407407
1812-09,5.2,3.711111111,2.650617284
1812-10,3.9,4.166666667,2.866666667
1812-11,7.9,3.344444444,3.119753086
1812-12,10.1,4.011111111,3.141975309
1813-01,0,5.055555556,3.214814815
1813-02,10.3,5.055555556,3.395061728
1813-03,1.9,6.088888889,3.656790123
1813-04,16.6,6.155555556,4.020987654
1813-05,5.5,7.944444444,4.40617284
1813-06,11.2,6.822222222,5.059259259
1813-07,18.3,7.488888889,5.404938272
1813-08,8.4,9.088888889,5.774074074
1813-09,15.3,9.144444444,6.412345679
1813-10,27.8,9.722222222,6.982716049
1813-11,16.7,12.81111111,7.501234568
1813-12,14.3,13.52222222,8.362962963
1814-01,22.2,14.9,9.188888889
1814-02,12,15.52222222,10.16049383
1814-03,5.7,16.24444444,11.00246914
1814-04,23.8,15.63333333,12.04938272
1814-05,5.8,16.24444444,12.95432099
1814-06,14.9,15.95555556,13.74938272
1814-07,18.5,15.91111111,14.50617284
1814-08,2.3,14.87777778,15.19382716
1814-09,8.1,13.27777778,15.42345679
1814-10,19.3,12.58888889,15.3962963
1814-11,14.5,12.26666667,15.13950617
1814-12,20.1,12.54444444,14.77777778
1815-01,19.2,14.14444444,14.36666667
1815-02,32.2,13.63333333,14.20123457
1815-03,26.2,16.56666667,13.91111111
1815-04,31.6,17.82222222,13.97901235
1815-05,9.8,19.27777778,14.19135802
1815-06,55.9,20.11111111,14.68024691
1815-07,35.5,25.42222222,15.43950617
1815-08,47.2,27.22222222,16.8654321
1815-09,31.5,30.85555556,18.52716049
1815-10,33.5,32.12222222,20.5617284
1815-11,37.2,33.71111111,22.55925926
1815-12,65,34.26666667,24.79012346
1816-01,26.3,38.57777778,26.75679012
1816-02,68.8,37.98888889,29.06296296
1816-03,73.7,44.54444444,31.14197531
1816-04,58.8,46.52222222,33.85679012
1816-05,44.3,49.11111111,36.20123457
1816-06,43.6,48.78888889,38.63333333
1816-07,38.8,50.13333333,40.62592593
1816-08,23.2,50.72222222,42.62716049
1816-09,47.8,49.16666667,44.51728395
1816-10,56.4,47.25555556,46.17283951
1816-11,38.1,50.6,47.13703704
1816-12,29.9,47.18888889,48.5382716
1817-01,36.4,42.32222222,48.83209877
1817-02,57.9,39.83333333,48.3654321
1817-03,96.2,41.34444444,47.3345679
1817-04,26.4,47.18888889,46.50740741
1817-05,21.2,45.81111111,46.18024691
1817-06,40,45.58888889,45.6345679
1817-07,50,44.72222222,45.23703704
1817-08,45,44.01111111,44.95555556
1817-09,36.7,44.77777778,44.22345679
1817-10,25.6,45.53333333,43.95555556
1817-11,28.9,44.33333333,44.31234568
1817-12,28.4,41.11111111,44.81234568
1818-01,34.9,33.57777778,44.78641975
1818-02,22.4,34.52222222,43.27407407
1818-03,25.4,34.65555556,42.01975309
1818-04,34.5,33.03333333,40.80493827
1818-05,53.1,31.31111111,39.50617284
1818-06,36.4,32.21111111,38.09506173
1818-07,28,32.17777778,36.69876543
1818-08,31.5,32.44444444,35.21481481
1818-09,26.1,32.73333333,33.89382716
1818-10,31.7,32.47777778,32.96296296
1818-11,10.9,32.12222222,32.84074074
1818-12,25.8,30.84444444,32.57407407
1819-01,32.5,30.88888889,32.15061728
1819-02,20.7,30.66666667,31.91234568
1819-03,3.7,27.06666667,31.84074074
1819-04,20.2,23.43333333,31.2691358
1819-05,19.6,22.56666667,30.29753086
1819-06,35,21.24444444,29.2
1819-07,31.4,22.23333333,27.92345679
1819-08,26.1,22.2,26.78518519
1819-09,14.9,23.88888889,25.68271605
1819-10,27.5,22.67777778,24.90987654
1819-11,25.1,22.12222222,23.99753086
1819-12,30.6,22.61111111,23.04814815
1820-01,19.2,25.6,22.55308642
1820-02,26.6,25.48888889,22.79382716
1820-03,4.5,26.26666667,23.11851852
1820-04,19.4,22.87777778,23.67654321
1820-05,29.3,21.54444444,23.74814815
1820-06,10.8,21.9,23.67530864
1820-07,20.6,21.44444444,23.45432099
1820-08,25.9,20.67777778,23.31728395
1820-09,5.2,20.76666667,23.15679012
1820-10,9,17.94444444,22.95185185
1820-11,7.9,16.81111111,22.10123457
1820-12,9.7,14.73333333,21.13703704
1821-01,21.5,15.31111111,19.85555556
1821-02,4.3,15.54444444,19.01481481
1821-03,5.7,12.76666667,18.34814815
1821-04,9.2,12.2,17.33333333
1821-05,1.7,10.93333333,16.30617284
1821-06,1.8,8.244444444,15.22345679
1821-07,2.5,7.866666667,13.83209877
1821-08,4.8,7.144444444,12.71234568
1821-09,4.4,6.8,11.6382716
1821-10,18.8,6.211111111,10.75679012
1821-11,4.4,5.911111111,9.745679012
1821-12,0,5.922222222,8.675308642
1822-01,0,5.288888889,7.914814815
1822-02,0.9,4.266666667,7.14691358
1822-03,16.1,4.177777778,6.40617284
1822-04,13.5,5.766666667,5.954320988
1822-05,1.5,6.988888889,5.720987654
1822-06,5.6,6.622222222,5.703703704
1822-07,7.9,6.755555556,5.683950617
1822-08,2.1,5.544444444,5.744444444
1822-09,0,5.288888889,5.703703704
1822-10,0.4,5.288888889,5.633333333
1822-11,0,5.333333333,5.633333333
1822-12,0,5.233333333,5.751851852
1823-01,0,3.444444444,5.869135802
1823-02,0,1.944444444,5.611111111
1823-03,0.6,1.777777778,5.050617284
1823-04,0,1.222222222,4.512345679
1823-05,0,0.344444444,3.897530864
1823-06,0,0.111111111,3.319753086
1823-07,0.5,0.111111111,2.744444444
1823-08,0,0.122222222,2.169135802
1823-09,0,0.122222222,1.590123457
1823-10,0,0.122222222,1.022222222
1823-11,0,0.122222222,0.65308642
1823-12,20.4,0.122222222,0.450617284
1824-01,21.6,2.322222222,0.266666667
1824-02,10.8,4.722222222,0.388888889
1824-03,0,5.922222222,0.875308642
1824-04,19.4,5.922222222,1.520987654
1824-05,2.8,8.022222222,2.166666667
1824-06,0,8.333333333,3.044444444
1824-07,0,8.333333333,3.956790123
1824-08,1.4,8.333333333,4.869135802
1824-09,20.5,8.488888889,5.781481481
1824-10,25.2,8.5,6.711111111
1824-11,0,8.9,7.397530864
1824-12,0.8,7.7,7.861728395
1825-01,5,7.788888889,8.059259259
1825-02,15.5,6.188888889,8.266666667
1825-03,22.4,7.6,8.062962963
1825-04,3.8,10.08888889,7.981481481
1825-05,15.4,10.51111111,8.17654321
1825-06,15.4,12.06666667,8.418518519
1825-07,30.9,11.5,8.816049383
1825-08,25.4,12.13333333,9.149382716
1825-09,15.7,14.95555556,9.508641975
1825-10,15.6,16.61111111,10.31481481
1825-11,11.7,17.78888889,11.29506173
1825-12,22,17.36666667,12.58395062
1826-01,17.7,17.32222222,13.6691358
1826-02,18.2,18.86666667,14.47283951
1826-03,36.7,19.17777778,15.40123457
1826-04,24,21.54444444,16.19135802
1826-05,32.4,20.77777778,17.30740741
1826-06,37.1,21.55555556,18.26790123
1826-07,52.5,23.93333333,19.00123457
1826-08,39.6,28.03333333,19.81481481
1826-09,18.9,31.13333333,20.95308642
1826-10,50.6,30.78888889,22.48271605
1826-11,39.5,34.44444444,23.97901235
1826-12,68.1,36.81111111,25.70987654
1827-01,34.6,40.3,27.6691358
1827-02,47.4,41.47777778,29.75308642
1827-03,57.8,43.14444444,32.05308642
1827-04,46,45.44444444,34.45185185
1827-05,56.3,44.72222222,36.84197531
1827-06,56.7,46.57777778,38.6962963
1827-07,42.9,50.77777778,40.41234568
1827-08,53.7,49.92222222,42.63333333
1827-09,49.6,51.5,44.35308642
1827-10,57.2,49.44444444,45.98518519
1827-11,48.2,51.95555556,47.00123457
1827-12,46.1,52.04444444,48.1654321
1828-01,52.8,50.74444444,49.15432099
1828-02,64.4,51.5,49.74320988
1828-03,65,52.4,50.4962963
1828-04,61.1,53.32222222,51.14320988
1828-05,89.1,55.34444444,51.42592593
1828-06,98,59.27777778,52.02839506
1828-07,54.3,64.65555556,52.89259259
1828-08,76.4,64.33333333,54.58271605
1828-09,50.4,67.46666667,55.95802469
1828-10,54.7,67.94444444,57.67160494
1828-11,57,68.15555556,59.58271605
1828-12,46.6,67.33333333,61.43333333
1829-01,43,65.28888889,63.09259259
1829-02,49.4,63.27777778,64.42222222
1829-03,72.3,58.86666667,65.3037037
1829-04,95,56.01111111,65.25802469
1829-05,67.5,60.53333333,64.29753086
1829-06,73.9,59.54444444,63.87530864
1829-07,90.8,62.15555556,62.99506173
1829-08,78.3,66.16666667,62.35185185
1829-09,52.8,68.53333333,62.1308642
1829-10,57.2,69.22222222,62.26419753
1829-11,67.6,70.8,62.70123457
1829-12,56.5,72.82222222,63.53703704
1830-01,52.2,71.06666667,65.08765432
1830-02,72.1,66.31111111,66.76049383
1830-03,84.6,66.82222222,67.40246914
1830-04,107.1,68.01111111,68.21111111
1830-05,66.3,69.82222222,68.8617284
1830-06,65.1,68.48888889,69.26790123
1830-07,43.9,69.85555556,69.26296296
1830-08,50.7,68.37777778,69.33333333
1830-09,62.1,66.5,69.06419753
1830-10,84.4,67.12222222,68.3617284
1830-11,81.2,70.7,67.92345679
1830-12,82.1,71.71111111,68.41111111
1831-01,47.5,71.43333333,68.95432099
1831-02,50.1,64.81111111,69.3345679
1831-03,93.4,63.01111111,68.77777778
1831-04,54.6,66.15555556,68.1691358
1831-05,38.1,67.34444444,67.75802469
1831-06,33.4,65.94444444,67.64320988
1831-07,45.2,62.75555556,67.58148148
1831-08,54.9,58.4,67.0962963
1831-09,37.9,55.47777778,65.72962963
1831-10,46.2,50.56666667,63.92592593
1831-11,43.5,50.42222222,61.60740741
1831-12,28.9,49.68888889,60.00864198
1832-01,30.9,42.52222222,58.52839506
1832-02,55.5,39.88888889,55.90246914
1832-03,55.1,41.82222222,52.85185185
1832-04,26.9,44.23333333,50.17160494
1832-05,41.3,42.2,48.11358025
1832-06,26.7,40.68888889,46.31358025
1832-07,13.9,39.44444444,44.67037037
1832-08,8.9,35.85555556,43.4345679
1832-09,8.2,32.01111111,41.81604938
1832-10,21.1,29.71111111,39.85185185
1832-11,14.3,28.62222222,38.42839506
1832-12,27.5,24.04444444,37.17654321
1833-01,11.3,20.97777778,35.20123457
1833-02,14.9,19.24444444,32.61728395
1833-03,11.8,16.31111111,30.06666667
1833-04,2.8,14.65555556,27.35802469
1833-05,12.9,13.42222222,24.6037037
1833-06,1,13.86666667,22.11111111
1833-07,7,13.06666667,20.09506173
1833-08,5.7,11.5,18.24567901
1833-09,11.6,10.54444444,16.34320988
1833-10,7.5,8.777777778,14.84320988
1833-11,5.9,8.355555556,13.48765432
1833-12,9.9,7.355555556,12.27777778
1834-01,4.9,7.144444444,11.28271605
1834-02,18.1,7.377777778,10.44814815
1834-03,3.9,7.955555556,9.77654321
1834-04,1.4,8.277777778,9.119753086
1834-05,8.8,7.655555556,8.587654321
1834-06,7.8,8,8.160493827
1834-07,8.7,7.577777778,7.877777778
1834-08,4,7.711111111,7.744444444
1834-09,11.5,7.5,7.672839506
1834-10,24.8,7.677777778,7.688888889
1834-11,30.5,9.888888889,7.748148148
1834-12,34.5,11.26666667,8.027160494
1835-01,7.5,14.66666667,8.395061728
1835-02,24.5,15.34444444,9.104938272
1835-03,19.7,17.08888889,9.959259259
1835-04,61.5,18.41111111,10.9691358
1835-05,43.6,24.27777778,12.17283951
1835-06,33.2,28.67777778,14.01358025
1835-07,59.8,31.08888889,16.36666667
1835-08,59,34.97777778,18.96790123
1835-09,100.8,38.14444444,21.75555556
1835-10,95.2,45.51111111,24.74197531
1835-11,100,55.25555556,28.1691358
1835-12,77.5,63.64444444,32.6037037
1836-01,88.6,70.06666667,37.77654321
1836-02,107.6,73.07777778,43.51604938
1836-03,98.1,80.18888889,48.9382716
1836-04,142.9,87.4,54.6617284
1836-05,111.4,96.63333333,60.91851852
1836-06,124.7,102.4555556,67.7691358
1836-07,116.7,105.1111111,74.91481481
1836-08,107.8,107.5,81.53703704
1836-09,95.1,108.3666667,87.34197531
1836-10,137.4,110.3222222,92.31111111
1836-11,120.9,115.7444444,96.78395062
1836-12,206.2,117.2222222,101.5246914
1837-01,188,129.2333333,105.6395062
1837-02,175.6,134.2444444,110.2876543
1837-03,134.6,141.3777778,114.4666667
1837-04,138.2,142.4777778,118.791358
1837-05,111.3,144.8666667,122.9432099
1837-06,158,145.2555556,127.0950617
1837-07,162.8,152.2444444,131.1938272
1837-08,134,155.0666667,135.8518519
1837-09,96.3,156.5222222,140.2209877
1837-10,123.7,144.3111111,144.5876543
1837-11,107,137.1666667,146.262963
1837-12,129.8,129.5444444,146.5876543
1838-01,144.9,129.0111111,145.2728395
1838-02,84.8,129.7555556,143.7765432
1838-03,140.8,126.8111111,142.0975309
1838-04,126.6,124.9,140.0481481
1838-05,137.6,120.8777778,137.0098765
1838-06,94.5,121.2777778,133.2111111
1838-07,108.2,121.0777778,129.2950617
1838-08,78.8,119.3555556,126.7135802
1838-09,73.6,116.2222222,124.7345679
1838-10,90.8,109.9777778,123.254321
1838-11,77.4,103.9666667,121.1395062
1838-12,79.8,103.1444444,118.2740741
1839-01,107.6,96.36666667,115.6444444
1839-02,102.5,94.25555556,112.4740741
1839-03,77.7,90.35555556,109.5160494
1839-04,61.8,88.48888889,106.0802469
1839-05,53.8,83.33333333,102.4592593
1839-06,54.6,80.55555556,98.45679012
1839-07,84.7,78.44444444,94.49382716
1839-08,131.2,77.76666667,90.99012346
1839-09,132.7,83.74444444,88.07901235
1839-10,90.8,89.62222222,85.92345679
1839-11,68.8,87.75555556,85.17407407
1839-12,63.6,84.01111111,84.45185185
1840-01,81.2,82.44444444,83.74691358
1840-02,87.7,84.6,83.07530864
1840-03,55.5,88.36666667,83.21604938
1840-04,65.9,88.46666667,84.08395062
1840-05,69.2,86.37777778,85.19753086
1840-06,48.5,79.48888889,86.15432099
1840-07,60.7,70.13333333,85.68148148
1840-08,57.8,66.78888889,83.51604938
1840-09,74,65.56666667,81.18641975
1840-10,49.8,66.72222222,79.13703704
1840-11,54.3,63.23333333,77.39012346
1840-12,53.7,59.52222222,75.01604938
1841-01,24,59.32222222,71.81111111
1841-02,29.9,54.66666667,68.57283951
1841-03,29.7,50.3,65.04938272
1841-04,42.6,48.21111111,61.80617284
1841-05,67.4,46.2,59.37037037
1841-06,55.7,47.26666667,57.08271605
1841-07,30.8,45.23333333,55.04938272
1841-08,39.3,43.12222222,52.6617284
1841-09,35.1,41.45555556,50.42716049
1841-10,28.5,39.38888889,48.41975309
1841-11,19.8,39.88888889,46.20493827
1841-12,38.8,38.76666667,44.56296296
1842-01,20.4,39.77777778,43.28148148
1842-02,22.1,37.31111111,42.34444444
1842-03,21.7,32.27777778,41.35679012
1842-04,26.9,28.5,39.69135802
1842-05,24.9,28.06666667,37.83209877
1842-06,20.5,26.46666667,36.15925926
1842-07,12.6,24.84444444,34.49382716
1842-08,26.5,23.07777778,32.87777778
1842-09,18.5,23.82222222,31.00987654
1842-10,38.1,21.56666667,29.34938272
1842-11,40.5,23.53333333,27.32592593
1842-12,17.6,25.57777778,25.79506173
1843-01,13.3,25.12222222,25.05061728
1843-02,3.5,23.61111111,24.67530864
1843-03,8.3,21.23333333,24.18024691
1843-04,8.8,19.87777778,23.59876543
1843-05,21.1,19.45555556,23.04691358
1843-06,10.5,18.85555556,22.64444444
1843-07,9.5,17.96666667,22.09259259
1843-08,11.8,14.78888889,21.69259259
1843-09,4.2,11.6,20.72098765
1843-10,5.3,10.11111111,19.16790123
1843-11,19.1,9.222222222,17.5
1843-12,12.7,10.95555556,15.90123457
1844-01,9.4,11.44444444,14.75925926
1844-02,14.7,11.51111111,13.82222222
1844-03,13.6,10.8,12.93950617
1844-04,20.8,11.14444444,12.04444444
1844-05,12,12.4,11.28641975
1844-06,3.7,12.42222222,11.02098765
1844-07,21.2,12.36666667,11.11234568
1844-08,23.9,14.13333333,11.36296296
1844-09,6.9,14.66666667,11.90864198
1844-10,21.5,14.02222222,12.32098765
1844-11,10.7,15.36666667,12.60740741
1844-12,21.6,14.92222222,13.03580247
1845-01,25.7,15.81111111,13.49382716
1845-02,43.6,16.35555556,14.01234568
1845-03,43.3,19.86666667,14.45185185
1845-04,56.9,24.26666667,15.27901235
1845-05,47.8,28.23333333,16.60123457
1845-06,31.1,30.88888889,18.16790123
1845-07,30.6,33.57777778,19.97037037
1845-08,32.3,34.58888889,22.14320988
1845-09,29.6,36.98888889,24.27901235
1845-10,40.7,37.87777778,26.7308642
1845-11,39.4,39.54444444,29.18271605
1845-12,59.7,39.07777778,31.75925926
1846-01,38.7,40.9,33.89382716
1846-02,51,38.87777778,35.74197531
1846-03,63.9,39.23333333,36.92469136
1846-04,69.2,42.87777778,37.85185185
1846-05,59.9,47.16666667,38.88518519
1846-06,65.1,50.23333333,40.28271605
1846-07,46.5,54.17777778,41.75432099
1846-08,54.8,54.82222222,43.5654321
1846-09,107.1,56.53333333,45.26296296
1846-10,55.9,61.8,47.20246914
1846-11,60.4,63.71111111,49.52469136
1846-12,65.5,64.75555556,52.28395062
1847-01,62.6,64.93333333,55.11975309
1847-02,44.9,64.2,57.57037037
1847-03,85.7,62.53333333,59.46296296
1847-04,44.7,64.82222222,60.82962963
1847-05,75.4,64.62222222,62.01234568
1847-06,85.3,66.91111111,63.10123457
1847-07,52.2,64.48888889,64.25432099
1847-08,140.6,64.07777778,64.55308642
1847-09,161.2,72.98888889,64.59382716
1847-10,180.4,83.62222222,65.50864198
1847-11,138.9,96.71111111,67.58518519
1847-12,109.6,107.1555556,71.19753086
1848-01,159.1,109.8111111,76.15555556
1848-02,111.8,122.5222222,81.15432099
1848-03,108.9,126.5666667,87.58765432
1848-04,107.1,129.1888889,94.21604938
1848-05,102.2,135.2888889,101.4049383
1848-06,123.8,131.0222222,109.317284
1848-07,139.2,126.8666667,115.7654321
1848-08,132.5,122.2888889,120.5703704
1848-09,100.3,121.5777778,123.4123457
1848-10,132.4,120.5444444,125.0148148
1848-11,114.6,117.5777778,126.2074074
1848-12,159.9,117.8888889,125.6580247
1849-01,156.7,123.5555556,124.6938272
1849-02,131.7,129.0666667,124.0679012
1849-03,96.5,132.3444444,123.3765432
1849-04,102.5,129.3111111,123.5234568
1849-05,80.6,125.2333333,123.7950617
1849-06,81.2,119.4666667,124.1222222
1849-07,78,117.3444444,123.8876543
1849-08,61.3,111.3,123.5320988
1849-09,93.7,105.3777778,122.8345679
1849-10,71.5,98.02222222,121.4444444
1849-11,99.7,88.55555556,118.6074074
1849-12,97,85,114.1061728
1850-01,78,85.05555556,108.845679
1850-02,89.4,82.33333333,103.9283951
1850-03,82.6,83.31111111,99.1617284
1850-04,44.1,83.46666667,95.14444444
1850-05,61.6,79.7,91.38024691
1850-06,70,79.73333333,87.8691358
1850-07,39.1,77.1,85.01975309
1850-08,61.6,73.5,82.69506173
1850-09,86.2,69.26666667,81.02222222
1850-10,71,68.06666667,79.27407407
1850-11,54.8,67.28888889,77.38641975
1850-12,60,63.44444444,75.71481481
1851-01,75.5,60.93333333,73.50740741
1851-02,105.4,64.42222222,71.0037037
1851-03,64.6,69.28888889,69.30617284
1851-04,56.5,68.68888889,68.14567901
1851-05,62.6,70.62222222,67.21111111
1851-06,63.2,70.73333333,66.89135802
1851-07,36.1,68.17777778,67.05432099
1851-08,57.4,64.3,67.06666667
1851-09,67.9,64.58888889,66.7345679
1851-10,62.5,65.46666667,66.8617284
1851-11,50.9,64.02222222,67.3654321
1851-12,71.4,57.96666667,67.32098765
1852-01,68.4,58.72222222,66.06296296
1852-02,67.5,60.04444444,64.95555556
1852-03,61.2,60.58888889,63.78024691
1852-04,65.4,60.36666667,62.65308642
1852-05,54.9,63.62222222,61.78518519
1852-06,46.9,63.34444444,61.70987654
1852-07,42,61.01111111,61.57160494
1852-08,39.7,58.73333333,61.07654321
1852-09,37.5,57.48888889,60.48888889
1852-10,67.3,53.72222222,60.43580247
1852-11,54.3,53.6,59.88024691
1852-12,45.4,52.13333333,59.16419753
1853-01,41.1,50.37777778,58.22469136
1853-02,42.9,47.67777778,57.11481481
1853-03,37.7,46.34444444,55.34320988
1853-04,47.6,45.32222222,53.45432099
1853-05,34.7,45.94444444,51.71111111
1853-06,40,45.38888889,50.29012346
1853-07,45.9,45.66666667,48.94567901
1853-08,50.4,43.28888889,48.05061728
1853-09,33.5,42.85555556,46.90493827
1853-10,42.3,41.53333333,45.87407407
1853-11,28.8,41.66666667,44.89135802
1853-12,23.4,40.1,44.22345679
1854-01,15.4,38.51111111,43.52962963
1854-02,20,34.93333333,42.77283951
1854-03,20.7,33.3,41.54938272
1854-04,26.4,31.15555556,40.20617284
1854-05,24,28.98888889,38.59382716
1854-06,21.1,26.05555556,37.00493827
1854-07,18.7,24.67777778,35.1382716
1854-08,15.8,22.05555556,33.2654321
1854-09,22.4,20.61111111,31.08641975
1854-10,12.7,20.5,28.92098765
1854-11,28.2,20.2,26.91975309
1854-12,21.4,21.11111111,25.28271605
1855-01,12.3,21.18888889,23.92839506
1855-02,11.4,19.62222222,22.82098765
1855-03,17.4,18.22222222,21.78024691
1855-04,4.4,17.81111111,20.90987654
1855-05,9.1,16.22222222,20.14691358
1855-06,5.3,15.47777778,19.49876543
1855-07,0.4,13.57777778,18.92839506
1855-08,3.1,12.21111111,18.15925926
1855-09,0,9.422222222,17.27160494
1855-10,9.7,7.044444444,15.97283951
1855-11,4.3,6.755555556,14.40123457
1855-12,3.1,5.966666667,12.97160494
1856-01,0.5,4.377777778,11.60987654
1856-02,4.9,3.944444444,10.11728395
1856-03,0.4,3.477777778,8.75308642
1856-04,6.5,2.933333333,7.419753086
1856-05,0,3.611111111,6.237037037
1856-06,5,3.266666667,5.281481481
1856-07,4.6,3.822222222,4.597530864
1856-08,5.9,3.255555556,4.239506173
1856-09,4.4,3.433333333,3.850617284
1856-10,4.5,3.577777778,3.569135802
1856-11,7.7,4.022222222,3.480246914
1856-12,7.2,4.333333333,3.488888889
1857-01,13.7,5.088888889,3.583950617
1857-02,7.4,5.888888889,3.82345679
1857-03,5.2,6.711111111,4.07654321
1857-04,11.1,6.733333333,4.459259259
1857-05,29.2,7.455555556,4.782716049
1857-06,16,10.04444444,5.249382716
1857-07,22.2,11.33333333,5.983950617
1857-08,16.9,13.3,6.845679012
1857-09,42.4,14.32222222,7.87654321
1857-10,40.6,18.23333333,8.986419753
1857-11,31.4,21.22222222,10.44691358
1857-12,37.2,23.88888889,12.15061728
1858-01,39,27.44444444,14.05925926
1858-02,34.9,30.54444444,16.36049383
1858-03,57.5,31.17777778,18.92592593
1858-04,38.3,35.78888889,21.27407407
1858-05,41.4,37.57777778,23.99135802
1858-06,44.5,40.3,26.68888889
1858-07,56.7,40.53333333,29.57530864
1858-08,55.3,42.32222222,32.05308642
1858-09,80.1,44.97777778,34.39753086
1858-10,91.2,49.74444444,36.74074074
1858-11,51.9,55.54444444,39.21851852
1858-12,66.9,57.43333333,41.9962963
1859-01,83.7,58.47777778,44.91358025
1859-02,87.6,63.52222222,47.4345679
1859-03,90.3,68.65555556,50.31728395
1859-04,85.7,73.74444444,53.46790123
1859-05,91,76.96666667,57.15802469
1859-06,87.1,80.93333333,61.00740741
1859-07,95.2,81.71111111,65.00246914
1859-08,106.8,82.15555556,68.55432099
1859-09,105.8,88.25555556,71.51111111
1859-10,114.6,92.57777778,74.93580247
1859-11,97.2,96.01111111,78.72469136
1859-12,81,97.07777778,82.3345679
1860-01,81.5,96.04444444,85.49259259
1860-02,88,95.57777778,87.97037037
1860-03,98.9,95.24444444,90.0382716
1860-04,71.4,96.55555556,91.62839506
1860-05,107.1,93.91111111,93.27777778
1860-06,108.6,93.94444444,94.58395062
1860-07,116.7,94.25555556,95.21604938
1860-08,100.3,94.48888889,95.40246914
1860-09,92.2,94.83333333,95.23333333
1860-10,90.1,96.07777778,94.98395062
1860-11,97.9,97.03333333,94.98765432
1860-12,95.6,98.13333333,95.14938272
1861-01,62.3,97.76666667,95.47037037
1861-02,77.8,96.75555556,95.60493827
1861-03,101,93.5,95.92098765
1861-04,98.5,92.65555556,95.87160494
1861-05,56.8,90.63333333,95.69382716
1861-06,87.8,85.8,95.2654321
1861-07,78,85.31111111,94.2617284
1861-08,82.5,83.96666667,93.0654321
1861-09,79.9,82.25555556,91.61358025
1861-10,67.2,80.51111111,89.84938272
1861-11,53.7,81.05555556,87.93209877
1861-12,80.5,78.37777778,86.18765432
1862-01,63.1,76.1,84.50740741
1862-02,64.5,72.16666667,82.66790123
1862-03,43.6,73.02222222,80.61604938
1862-04,53.7,68.11111111,79.1962963
1862-05,64.4,65.41111111,77.28518519
1862-06,84,63.4,75.22345679
1862-07,73.4,63.85555556,73.12839506
1862-08,62.5,64.54444444,71.27777778
1862-09,66.6,65.52222222,69.44320988
1862-10,42,63.97777778,68.01481481
1862-11,50.6,61.63333333,66.66790123
1862-12,40.9,60.08888889,65.49753086
1863-01,48.3,59.78888889,64.06049383
1863-02,56.7,59.18888889,63.13580247
1863-03,66.4,58.33333333,62.44444444
1863-04,40.6,56.37777778,61.88148148
1863-05,53.8,52.73333333,61.05061728
1863-06,40.8,51.76666667,59.7382716
1863-07,32.7,48.9,58.20987654
1863-08,48.1,47.86666667,56.5345679
1863-09,22,47.58888889,55.00493827
1863-10,39.9,45.48888889,53.61604938
1863-11,37.7,44.55555556,52.02716049
1863-12,41.2,42.44444444,50.40123457
1864-01,57.7,39.64444444,48.63580247
1864-02,47.1,41.54444444,46.77654321
1864-03,66.3,40.8,45.53333333
1864-04,35.8,43.63333333,44.31481481
1864-05,40.6,43.97777778,43.72962963
1864-06,57.8,43.14444444,43.29753086
1864-07,54.7,47.12222222,42.8037037
1864-08,54.8,48.76666667,42.98518519
1864-09,28.5,50.66666667,43.45308642
1864-10,33.9,49.25555556,44.36666667
1864-11,57.6,46.61111111,45.4345679
1864-12,28.6,47.77777778,45.99753086
1865-01,48.7,43.58888889,46.77283951
1865-02,39.3,45.02222222,46.76790123
1865-03,39.5,44.87777778,46.88395062
1865-04,29.4,42.84444444,47.07654321
1865-05,34.5,40.03333333,46.60123457
1865-06,33.6,37.77777778,45.6308642
1865-07,26.8,38.34444444,44.19876543
1865-08,37.8,37.55555556,42.98641975
1865-09,21.6,35.35555556,41.98024691
1865-10,17.1,34.57777778,40.6
1865-11,24.6,31.06666667,39.59876543
1865-12,12.8,29.43333333,38.04814815
1866-01,31.6,26.46666667,36.33209877
1866-02,38.4,26.71111111,34.51234568
1866-03,24.6,27.14444444,33.03209877
1866-04,17.6,26.14444444,31.85061728
1866-05,12.9,25.12222222,30.49506173
1866-06,16.5,22.35555556,29.11358025
1866-07,9.3,21.78888889,27.6691358
1866-08,12.7,20.92222222,26.24814815
1866-09,7.3,19.6,25.12098765
1866-10,14.1,18.98888889,24.02839506
1866-11,9,17.04444444,23.19753086
1866-12,1.5,13.77777778,22.12345679
1867-01,0,11.21111111,20.6382716
1867-02,0.7,9.255555556,18.97901235
1867-03,9.2,7.9,17.21604938
1867-04,5.1,7.088888889,15.60987654
1867-05,2.9,6.622222222,13.97654321
1867-06,1.5,5.533333333,12.38765432
1867-07,5,4.888888889,10.82469136
1867-08,4.9,3.877777778,9.258024691
1867-09,9.8,3.422222222,7.795061728
1867-10,13.5,4.344444444,6.644444444
1867-11,9.3,5.844444444,5.881481481
1867-12,25.2,6.8,5.502469136
1868-01,15.6,8.577777778,5.380246914
1868-02,15.8,9.744444444,5.545679012
1868-03,26.5,11.17777778,5.892592593
1868-04,36.6,13.95555556,6.519753086
1868-05,26.7,17.46666667,7.527160494
1868-06,31.1,19.88888889,9.037037037
1868-07,28.6,22.25555556,10.86666667
1868-08,34.4,23.93333333,12.85679012
1868-09,43.8,26.72222222,14.86666667
1868-10,61.7,28.78888889,17.08024691
1868-11,59.1,33.91111111,19.32592593
1868-12,67.6,38.72222222,22.01111111
1869-01,60.9,43.28888889,25.07160494
1869-02,59.3,45.98888889,28.3308642
1869-03,52.7,49.61111111,31.5
1869-04,41,52.01111111,34.80246914
1869-05,104,53.38888889,38.10864198
1869-06,108.4,61.12222222,41.38148148
1869-07,59.2,68.3,45.2037037
1869-08,79.6,68.02222222,49.59382716
1869-09,80.6,70.3,53.38395062
1869-10,59.4,71.74444444,56.89259259
1869-11,77.4,71.57777778,60.05432099
1869-12,104.3,73.58888889,62.89753086
1870-01,77.3,79.32222222,65.5617284
1870-02,114.9,83.35555556,68.5962963
1870-03,159.4,84.56666667,71.92592593
1870-04,160,90.23333333,74.5308642
1870-05,176,101.4333333,76.96790123
1870-06,135.6,112.1444444,80.68024691
1870-07,132.4,118.2555556,85.32962963
1870-08,153.8,126.3666667,90.49753086
1870-09,136,134.8555556,96.58518519
1870-10,146.4,138.3777778,103.3925926
1870-11,147.5,146.0555556,109.954321
1870-12,130,149.6777778,116.9209877
1871-01,88.3,146.4111111,124.1555556
1871-02,125.3,138.4444444,130.3975309
1871-03,143.2,132.8111111,134.5098765
1871-04,162.4,133.6555556,136.8061728
1871-05,145.5,136.9888889,138.517284
1871-06,91.7,136.0666667,139.6975309
1871-07,103,131.1444444,139.8320988
1871-08,110,126.3222222,139.0283951
1871-09,80.3,122.1555556,136.8358025
1871-10,89,116.6333333,133.7777778
1871-11,105.4,116.7111111,130.4691358
1871-12,90.3,114.5,128.054321
1872-01,79.5,108.6222222,126.0197531
1872-02,120.1,99.41111111,123.2382716
1872-03,88.4,96.58888889,119.062963
1872-04,102.1,96.22222222,114.6765432
1872-05,107.6,96.12222222,110.7962963
1872-06,109.9,95.85555556,107.4407407
1872-07,105.5,99.14444444,104.5185185
1872-08,92.9,100.9777778,102.5753086
1872-09,114.6,99.58888889,100.8271605
1872-10,103.5,102.2888889,99.17037037
1872-11,112,104.9555556,98.46666667
1872-12,83.9,104.0555556,99.08271605
1873-01,86.7,103.5555556,99.91234568
1873-02,107,101.8444444,100.7271605
1873-03,98.3,101.7777778,101.362963
1873-04,76.2,100.4888889,102.0209877
1873-05,47.9,97.23333333,102.1703704
1873-06,44.8,92.23333333,101.754321
1873-07,66.9,84.47777778,100.937037
1873-08,68.2,80.41111111,98.95802469
1873-09,47.5,75.54444444,96.2308642
1873-10,47.4,71.5,93.06296296
1873-11,55.4,67.13333333,89.50123457
1873-12,49.2,61.4,85.64444444
1874-01,60.8,55.94444444,81.15802469
1874-02,64.2,54.23333333,76.20864198
1874-03,46.4,56.04444444,71.4308642
1874-04,32,56.22222222,67.40987654
1874-05,44.6,52.34444444,64.27037037
1874-06,38.2,49.72222222,61.15185185
1874-07,67.8,48.68888889,58.28271605
1874-08,61.3,50.95555556,55.74814815
1874-09,28,51.61111111,53.95061728
1874-10,34.3,49.25555556,52.86296296
1874-11,28.9,46.31111111,52.11975309
1874-12,29.3,42.38888889,51.23950617
1875-01,14.6,40.48888889,49.72222222
1875-02,22.2,38.55555556,47.97407407
1875-03,33.8,36.06666667,46.44197531
1875-04,29.1,35.57777778,44.92469136
1875-05,11.5,31.27777778,43.46790123
1875-06,23.9,25.74444444,41.28148148
1875-07,12.5,25.28888889,38.40740741
1875-08,14.6,22.86666667,35.74444444
1875-09,2.4,21.27777778,33.13950617
1875-10,12.7,18.28888889,30.79382716
1875-11,17.7,18.07777778,28.32716049
1875-12,9.9,17.57777778,26.05185185
1876-01,14.3,14.92222222,23.99753086
1876-02,15,13.27777778,21.70246914
1876-03,31.2,13.66666667,19.70246914
1876-04,2.3,14.47777778,18.36049383
1876-05,5.1,13.34444444,17.15925926
1876-06,1.6,12.28888889,16.10123457
1876-07,15.2,12.2,15.10246914
1876-08,8.8,12.47777778,14.42592593
1876-09,9.9,11.48888889,13.8037037
1876-10,14.3,11.48888889,13.12716049
1876-11,9.9,11.48888889,12.74567901
1876-12,8.2,10.92222222,12.54691358
1877-01,24.4,8.366666667,12.24197531
1877-02,8.7,10.82222222,11.56296296
1877-03,11.7,11.22222222,11.28271605
1877-04,15.8,12.34444444,11.16419753
1877-05,21.2,12.41111111,11.18024691
1877-06,13.4,13.78888889,11.17283951
1877-07,5.9,14.17777778,11.42839506
1877-08,6.3,13.24444444,11.72716049
1877-09,16.4,12.84444444,11.92222222
1877-10,6.7,13.75555556,12.13580247
1877-11,14.5,11.78888889,12.7345679
1877-12,2.3,12.43333333,12.84197531
1878-01,3.3,11.38888889,12.97654321
1878-02,6,10,12.87037037
1878-03,7.8,8.311111111,12.60246914
1878-04,0.1,7.688888889,11.99382716
1878-05,5.8,7.044444444,11.27283951
1878-06,6.4,6.988888889,10.58395062
1878-07,0.1,5.877777778,9.933333333
1878-08,0,5.144444444,9.058024691
1878-09,5.3,3.533333333,8.319753086
1878-10,1.1,3.866666667,7.330864198
1878-11,4.1,3.622222222,6.495061728
1878-12,0.5,3.411111111,5.786419753
1879-01,0.8,2.6,5.241975309
1879-02,0.6,2.677777778,4.67654321
1879-03,0,2.1,4.191358025
1879-04,6.2,1.388888889,3.648148148
1879-05,2.4,2.066666667,3.149382716
1879-06,4.8,2.333333333,2.807407407
1879-07,7.5,2.277777778,2.674074074
1879-08,10.7,2.988888889,2.497530864
1879-09,6.1,3.722222222,2.427160494
1879-10,12.3,4.344444444,2.461728395
1879-11,12.9,5.622222222,2.655555556
1879-12,7.2,6.988888889,2.982716049
1880-01,24,7.788888889,3.525925926
1880-02,27.5,9.766666667,4.237037037
1880-03,19.5,12.55555556,5.092592593
1880-04,19.3,14.18888889,6.228395062
1880-05,23.5,15.5,7.551851852
1880-06,34.1,16.92222222,8.941975309
1880-07,21.9,20.03333333,10.40864198
1880-08,48.1,21.1,12.15185185
1880-09,66,25.01111111,13.87160494
1880-10,43,31.54444444,15.87407407
1880-11,30.7,33.65555556,18.51358025
1880-12,29.6,34.01111111,21.16790123
1881-01,36.4,35.13333333,23.55185185
1881-02,53.2,37.03333333,25.87901235
1881-03,51.5,40.33333333,28.27160494
1881-04,51.7,42.26666667,30.87283951
1881-05,43.5,45.57777778,33.34320988
1881-06,60.5,45.06666667,36.06296296
1881-07,76.9,44.45555556,38.29135802
1881-08,58,48.22222222,39.72592593
1881-09,53.2,51.25555556,41.34444444
1881-10,64,53.87777778,43.26049383
1881-11,54.8,56.94444444,45.34320988
1881-12,47.3,57.12222222,47.55555556
1882-01,45,56.65555556,49.42098765
1882-02,69.3,55.91111111,51.01975309
1882-03,67.5,58.77777778,52.16790123
1882-04,95.8,59.55555556,53.69135802
1882-05,64.1,61.65555556,55.3691358
1882-06,45.2,62.33333333,56.8617284
1882-07,45.4,61.44444444,58.09259259
1882-08,40.4,59.37777778,58.93333333
1882-09,57.7,57.77777778,59.2037037
1882-10,59.2,58.93333333,59.27654321
1882-11,84.4,60.51111111,59.52962963
1882-12,41.8,62.18888889,60.04074074
1883-01,60.6,59.33333333,60.41975309
1883-02,46.9,55.42222222,60.39506173
1883-03,42.8,53.51111111,59.70246914
1883-04,82.1,53.24444444,58.72222222
1883-05,32.1,57.32222222,57.81111111
1883-06,76.5,56.4,57.58271605
1883-07,80.6,58.48888889,57.42962963
1883-08,46,60.86666667,57.38024691
1883-09,52.6,56.6,57.41975309
1883-10,83.8,57.8,56.79876543
1883-11,84.5,60.37777778,56.62839506
1883-12,75.9,64.55555556,57.17901235
1884-01,91.5,68.23333333,58.40617284
1884-02,86.9,69.27777778,60.07160494
1884-03,86.8,75.36666667,61.4
1884-04,76.1,76.51111111,63.50740741
1884-05,66.5,76.01111111,65.50987654
1884-06,51.2,78.28888889,67.19259259
1884-07,53.1,78.13333333,69.60246914
1884-08,55.8,74.72222222,71.8617284
1884-09,61.9,71.53333333,73.45555556
1884-10,47.8,69.97777778,74.2308642
1884-11,36.6,65.12222222,74.42469136
1884-12,47.2,59.53333333,73.96296296
1885-01,42.8,55.13333333,72.2037037
1885-02,71.8,51.43333333,69.82839506
1885-03,49.8,52.02222222,67.09753086
1885-04,55,51.86666667,64.17901235
1885-05,73,52.07777778,61.26049383
1885-06,83.7,53.98888889,58.74444444
1885-07,66.5,56.41111111,56.79506173
1885-08,50,58.48888889,55.28765432
1885-09,39.6,59.97777778,54.55061728
1885-10,38.7,59.13333333,54.6
1885-11,33.3,58.67777778,55.04444444
1885-12,21.7,54.4,55.84938272
1886-01,29.9,51.27777778,56.11358025
1886-02,25.9,48.48888889,56.04814815
1886-03,57.3,43.25555556,55.64938272
1886-04,43.7,40.32222222,54.45679012
1886-05,30.7,37.78888889,52.6691358
1886-06,27.1,35.64444444,50.3691358
1886-07,30.3,34.25555556,47.6654321
1886-08,16.9,33.32222222,44.90123457
1886-09,21.4,31.5,42.08395062
1886-10,8.6,31.46666667,39.53950617
1886-11,0.3,29.1,37.3382716
1886-12,12.4,26.25555556,35.18395062
1887-01,10.3,21.26666667,33.29506173
1887-02,13.2,17.55555556,31.17777778
1887-03,4.2,15.61111111,28.92962963
1887-04,6.9,13.06666667,26.7037037
1887-05,20,10.46666667,24.34938272
1887-06,15.7,10.81111111,21.80987654
1887-07,23.3,10.17777778,19.51111111
1887-08,21.4,11.81111111,17.14567901
1887-09,7.4,14.15555556,15.22469136
1887-10,6.6,13.6,13.88024691
1887-11,6.9,13.18888889,13.02839506
1887-12,20.7,12.48888889,12.54320988
1888-01,12.7,14.32222222,12.1962963
1888-02,7.1,14.96666667,12.33580247
1888-03,7.8,13.53333333,12.83580247
1888-04,5.1,12.65555556,13.1382716
1888-05,7,10.63333333,13.41358025
1888-06,7.1,9.033333333,13.28271605
1888-07,3.1,9,12.71358025
1888-08,2.8,8.611111111,12.20246914
1888-09,8.8,8.155555556,11.69382716
1888-10,2.1,6.833333333,11.21234568
1888-11,10.7,5.655555556,10.38024691
1888-12,6.7,6.055555556,9.345679012
1889-01,0.8,5.933333333,8.514814815
1889-02,8.5,5.455555556,7.767901235
1889-03,7,5.622222222,7.192592593
1889-04,4.3,5.611111111,6.813580247
1889-05,2.4,5.744444444,6.437037037
1889-06,6.4,5.7,6.118518519
1889-07,9.7,5.433333333,5.845679012
1889-08,20.6,6.277777778,5.690123457
1889-09,6.5,7.377777778,5.759259259
1889-10,2.1,7.355555556,5.90617284
1889-11,0.2,7.5,6.064197531
1889-12,6.7,6.577777778,6.291358025
1890-01,5.3,6.544444444,6.397530864
1890-02,0.6,6.655555556,6.501234568
1890-03,5.1,6.455555556,6.602469136
1890-04,1.6,6.311111111,6.686419753
1890-05,4.8,5.411111111,6.783950617
1890-06,1.3,3.655555556,6.687654321
1890-07,11.6,3.077777778,6.274074074
1890-08,8.5,4.133333333,5.798765432
1890-09,17.2,5.055555556,5.424691358
1890-10,11.2,6.222222222,5.255555556
1890-11,9.6,6.877777778,5.219753086
1890-12,7.8,7.877777778,5.244444444
1891-01,13.5,8.177777778,5.402469136
1891-02,22.2,9.5,5.609876543
1891-03,10.4,11.43333333,6.064197531
1891-04,20.5,12.44444444,6.928395062
1891-05,41.1,13.43333333,7.969135802
1891-06,48.3,17.05555556,9.002469136
1891-07,58.8,20.51111111,10.33580247
1891-08,33.2,25.8,11.92345679
1891-09,53.8,28.42222222,14.02592593
1891-10,51.5,33.53333333,16.30864198
1891-11,41.9,37.75555556,19.12592593
1891-12,32.3,39.94444444,22.2654321
1892-01,69.1,42.37777778,25.43333333
1892-02,75.6,47.77777778,28.75925926
1892-03,49.9,51.61111111,32.57530864
1892-04,69.6,51.78888889,36.41481481
1892-05,79.6,52.98888889,39.89012346
1892-06,76.3,58.14444444,42.91111111
1892-07,76.8,60.64444444,46.21358025
1892-08,101.4,63.45555556,49.22592593
1892-09,62.8,70.06666667,52.08148148
1892-10,70.5,73.45555556,55.42839506
1892-11,65.4,73.61111111,58.88148148
1892-12,78.6,72.47777778,61.75185185
1893-01,75,75.66666667,64.07037037
1893-02,73,76.26666667,66.72345679
1893-03,65.7,75.53333333,69.30987654
1893-04,88.1,74.35555556,71.24197531
1893-05,84.7,75.61111111,72.7654321
1893-06,88.2,73.75555556,74.11604938
1893-07,88.8,76.57777778,74.52592593
1893-08,129.2,78.61111111,74.87283951
1893-09,77.9,85.7,75.42839506
1893-10,79.7,85.62222222,76.89753086
1893-11,75.1,86.14444444,78.0037037
1893-12,93.8,86.37777778,79.10123457
1894-01,83.2,89.5,80.30617284
1894-02,84.6,88.95555556,81.98888889
1894-03,52.3,88.94444444,83.47160494
1894-04,81.6,84.95555556,85.15925926
1894-05,101.2,84.15555556,86.09012346
1894-06,98.9,81.04444444,86.70617284
1894-07,106,83.37777778,86.18888889
1894-08,70.3,86.3,85.93950617
1894-09,65.9,85.76666667,85.95679012
1894-10,75.5,82.66666667,85.88888889
1894-11,56.6,81.81111111,85.12962963
1894-12,60,78.7,84.33580247
1895-01,63.3,79.55555556,83.19753086
1895-02,67.2,77.52222222,82.59753086
1895-03,61,73.74444444,81.86049383
1895-04,76.9,69.53333333,81.04938272
1895-05,67.5,66.3,79.51111111
1895-06,71.5,65.98888889,77.28888889
1895-07,47.8,66.61111111,75.09135802
1895-08,68.9,63.53333333,73.30740741
1895-09,57.7,64.9,71.27654321
1895-10,67.9,64.64444444,69.74320988
1895-11,47.2,65.15555556,68.08641975
1895-12,70.7,62.93333333,66.71234568
1896-01,29,64.01111111,65.51111111
1896-02,57.4,58.68888889,64.89753086
1896-03,52,57.56666667,64.05185185
1896-04,43.8,55.4,63.11604938
1896-05,27.7,54.95555556,61.87037037
1896-06,49,50.37777778,60.91728395
1896-07,45,49.41111111,59.3037037
1896-08,27.2,46.86666667,57.61111111
1896-09,61.3,44.64444444,55.57901235
1896-10,28.4,43.6,53.54691358
1896-11,38,43.53333333,51.27901235
1896-12,42.6,41.37777778,49.59506173
1897-01,40.6,40.33333333,47.7962963
1897-02,29.4,39.97777778,46.12222222
1897-03,29.1,40.16666667,44.45802469
1897-04,31,37.95555556,43.32345679
1897-05,20,36.4,42.05061728
1897-06,11.3,35.6,40.88765432
1897-07,27.6,30.04444444,39.88271605
1897-08,21.8,29.95555556,38.37654321
1897-09,48.1,28.15555556,36.86790123
1897-10,14.3,28.76666667,35.39876543
1897-11,8.4,25.84444444,34.11358025
1897-12,33.3,23.51111111,32.54320988
1898-01,30.2,23.97777778,30.69259259
1898-02,36.4,23.88888889,29.13950617
1898-03,38.3,25.71111111,27.74938272
1898-04,14.5,28.71111111,26.65061728
1898-05,25.8,27.25555556,26.50246914
1898-06,22.3,27.7,26.20246914
1898-07,9,24.83333333,26.15185185
1898-08,31.4,24.24444444,25.71481481
1898-09,34.8,26.8,25.53703704
1898-10,34.4,26.96666667,25.90246914
1898-11,30.9,27.43333333,26.2345679
1898-12,12.6,26.82222222,26.62839506
1899-01,19.5,23.96666667,26.75185185
1899-02,9.2,24.52222222,26.22469136
1899-03,18.1,22.67777778,25.92098765
1899-04,14.2,22.21111111,25.36296296
1899-05,7.7,22.78888889,25.07160494
1899-06,20.5,20.15555556,24.90987654
1899-07,13.5,18.56666667,24.17160494
1899-08,2.9,16.24444444,23.2382716
1899-09,8.4,13.13333333,21.99506173
1899-10,13,12.66666667,20.47407407
1899-11,7.8,11.94444444,19.21851852
1899-12,10.5,11.78888889,17.82098765
Jan-00,9.4,10.94444444,16.61111111
Feb-00,13.6,10.41111111,15.35925926
Mar-00,8.6,11.06666667,13.98395062
Apr-00,16,9.744444444,12.97407407
May-00,15.2,10.02222222,11.99382716
Jun-00,12.1,11.38888889,11.30246914
Jul-00,8.3,11.8,11.10864198
Aug-00,4.3,11.27777778,11.01234568
Sep-00,8.3,10.88888889,10.9382716
Oct-00,12.9,10.64444444,10.8382716
Nov-00,4.5,11.03333333,10.80493827
Dec-00,0.3,10.02222222,10.87407407
1-Jan,0.2,9.1,10.75802469
1-Feb,2.4,7.344444444,10.68641975
1-Mar,4.5,5.922222222,10.38888889
1-Apr,0,5.077777778,9.781481481
1-May,10.2,4.155555556,9.034567901
1-Jun,5.8,4.811111111,8.243209877
1-Jul,0.7,4.533333333,7.567901235
1-Aug,1,3.177777778,6.888888889
1-Sep,0.6,2.788888889,6.016049383
1-Oct,3.7,2.822222222,5.212345679
1-Nov,3.8,3.211111111,4.514814815
1-Dec,0,3.366666667,4.055555556
2-Jan,5.2,2.866666667,3.771604938
2-Feb,0,3.444444444,3.525925926
2-Mar,12.4,2.311111111,3.44691358
2-Apr,0,3.044444444,3.169135802
2-May,2.8,2.966666667,3.003703704
2-Jun,1.4,3.166666667,2.980246914
2-Jul,0.9,3.255555556,3.022222222
2-Aug,2.3,2.944444444,3.07037037
2-Sep,7.6,2.777777778,3.040740741
2-Oct,16.3,3.622222222,2.975308642
2-Nov,10.3,4.855555556,3.059259259
2-Dec,1.1,6,3.216049383
3-Jan,8.3,4.744444444,3.625925926
3-Feb,17,5.666666667,3.814814815
3-Mar,13.5,7.244444444,4.114814815
3-Apr,26.1,8.588888889,4.567901235
3-May,14.6,11.38888889,5.160493827
3-Jun,16.3,12.75555556,6.098765432
3-Jul,27.9,13.72222222,7.207407407
3-Aug,28.8,15.01111111,8.32962963
3-Sep,11.1,17.06666667,9.458024691
3-Oct,38.9,18.17777778,10.68765432
3-Nov,44.5,21.57777778,12.18024691
3-Dec,45.6,24.63333333,13.94814815
4-Jan,31.6,28.2,15.88024691
4-Feb,24.5,28.81111111,18.05925926
4-Mar,37.2,29.91111111,19.99506173
4-Apr,43,32.23333333,21.90123457
4-May,39.5,33.91111111,23.95802469
4-Jun,41.9,35.1,26.05802469
4-Jul,50.6,38.52222222,28.0617284
4-Aug,58.2,39.82222222,30.32222222
4-Sep,30.1,41.34444444,32.34938272
4-Oct,54.2,39.62222222,34.20617284
4-Nov,38,42.13333333,35.47530864
4-Dec,54.6,43.63333333,36.95555556
5-Jan,54.8,45.56666667,38.48024691
5-Feb,85.8,46.87777778,39.9617284
5-Mar,56.5,52.02222222,41.40246914
5-Apr,39.3,53.64444444,43.28271605
5-May,48,52.38888889,44.96296296
5-Jun,49,51.25555556,46.35925926
5-Jul,73,53.35555556,47.46049383
5-Aug,58.8,55.44444444,48.98641975
5-Sep,55,57.75555556,50.4654321
5-Oct,78.7,57.8,52.0345679
5-Nov,107.2,60.45555556,53.39382716
5-Dec,55.5,62.83333333,54.90246914
6-Jan,45.5,62.72222222,56.1037037
6-Feb,31.3,63.41111111,57.11234568
6-Mar,64.5,61.55555556,58.33703704
6-Apr,55.3,63.27777778,59.48148148
6-May,57.7,61.31111111,60.58395062
6-Jun,63.2,61.18888889,61.23580247
6-Jul,103.6,62.1,61.61728395
6-Aug,47.7,64.86666667,62.09506173
6-Sep,56.1,58.25555556,62.58518519
6-Oct,17.8,58.32222222,62.07654321
6-Nov,38.9,55.24444444,61.58765432
6-Dec,64.7,56.08888889,60.68024691
7-Jan,76.4,56.11111111,60.07283951
7-Feb,108.2,58.45555556,59.27654321
7-Mar,60.7,64.06666667,58.95925926
7-Apr,52.6,63.78888889,59.27901235
7-May,42.9,58.12222222,59.46666667
7-Jun,40.4,57.58888889,58.71728395
7-Jul,49.7,55.84444444,58.64320988
7-Aug,54.3,59.38888889,58.36790123
7-Sep,85,61.1,58.82839506
7-Oct,65.4,63.35555556,59.38518519
7-Nov,61.5,62.13333333,60.19012346
7-Dec,47.3,56.94444444,60.59876543
8-Jan,39.2,55.45555556,59.80740741
8-Feb,33.9,53.96666667,58.88148148
8-Mar,28.7,52.96666667,58.41975309
8-Apr,57.6,51.66666667,57.90617284
8-May,40.8,52.54444444,57.44197531
8-Jun,48.1,51.04444444,56.68148148
8-Jul,39.5,46.94444444,55.56419753
8-Aug,90.5,44.06666667,53.74074074
8-Sep,86.9,47.28888889,51.73333333
8-Oct,32.3,51.68888889,50.66049383
8-Nov,45.5,50.92222222,50.24197531
8-Dec,39.5,52.21111111,49.9037037
9-Jan,56.7,53.41111111,49.81975309
9-Feb,46.6,53.31111111,50.01358025
9-Mar,66.3,53.95555556,50.09876543
9-Apr,32.3,55.97777778,50.42222222
9-May,36,55.17777778,51.42592593
9-Jun,22.6,49.12222222,52.66049383
9-Jul,35.8,41.97777778,52.86419753
9-Aug,23.1,42.36666667,51.78518519
9-Sep,38.8,39.87777778,50.8345679
9-Oct,58.4,39.8,49.46419753
9-Nov,55.8,39.98888889,47.95185185
9-Dec,54.2,41.01111111,46.47160494
10-Jan,26.4,39.66666667,45.03333333
10-Feb,31.5,39.01111111,43.22098765
10-Mar,21.4,38.51111111,41.42469136
10-Apr,8.4,38.37777778,40.24567901
10-May,22.2,35.33333333,39.84567901
10-Jun,12.3,35.23333333,39.06419753
10-Jul,14.1,32.28888889,38.54814815
10-Aug,11.5,27.36666667,37.71358025
10-Sep,26.2,22.44444444,36.31111111
10-Oct,38.3,19.33333333,34.24814815
10-Nov,4.9,20.65555556,31.98888889
10-Dec,5.8,17.7,29.94938272
11-Jan,3.4,15.96666667,27.63703704
11-Feb,9,15.41111111,25.14691358
11-Mar,7.8,13.94444444,22.93333333
11-Apr,16.5,13.44444444,20.56790123
11-May,9,13.71111111,18.47407407
11-Jun,2.2,13.43333333,16.95679012
11-Jul,3.5,10.76666667,15.95555556
11-Aug,4,6.9,15.0037037
11-Sep,4,6.8,13.47530864
11-Oct,2.6,6.6,12.26419753
11-Nov,4.2,6.511111111,11.22345679
11-Dec,2.2,5.977777778,10.2345679
12-Jan,0.3,5.355555556,9.349382716
12-Feb,0,3.555555556,8.450617284
12-Mar,4.9,2.555555556,7.322222222
12-Apr,4.5,2.855555556,6.113580247
12-May,4.4,2.966666667,5.234567901
12-Jun,4.1,3.011111111,4.797530864
12-Jul,3,3.022222222,4.37654321
12-Aug,0.3,3.066666667,3.979012346
12-Sep,9.5,2.633333333,3.596296296
12-Oct,4.6,3.444444444,3.224691358
12-Nov,1.1,3.922222222,3.012345679
12-Dec,6.4,4.044444444,3.05308642
13-Jan,2.3,4.211111111,3.218518519
13-Feb,2.9,3.966666667,3.369135802
13-Mar,0.5,3.8,3.480246914
13-Apr,0.9,3.4,3.567901235
13-May,0,3.166666667,3.609876543
13-Jun,0,3.133333333,3.620987654
13-Jul,1.7,2.077777778,3.67654321
13-Aug,0.2,1.755555556,3.524691358
13-Sep,1.2,1.655555556,3.283950617
13-Oct,3.1,1.077777778,3.018518519
13-Nov,0.7,1.166666667,2.67037037
13-Dec,3.8,0.922222222,2.359259259
14-Jan,2.8,1.288888889,2.039506173
14-Feb,2.6,1.5,1.804938272
14-Mar,3.1,1.788888889,1.619753086
14-Apr,17.3,2.133333333,1.47037037
14-May,5.2,3.866666667,1.47654321
14-Jun,11.4,4.422222222,1.711111111
14-Jul,5.4,5.555555556,2.018518519
14-Aug,7.7,5.811111111,2.516049383
14-Sep,12.7,6.588888889,3.032098765
14-Oct,8.2,7.577777778,3.661728395
14-Nov,16.4,8.177777778,4.360493827
14-Dec,22.3,9.711111111,5.102469136
15-Jan,23,11.84444444,5.982716049
15-Feb,42.3,12.47777778,7.061728395
15-Mar,38.8,16.6,8.018518519
15-Apr,41.3,19.64444444,9.371604938
15-May,33,23.63333333,10.93703704
15-Jun,68.8,26.44444444,12.91728395
15-Jul,71.6,32.67777778,15.12345679
15-Aug,69.6,39.72222222,17.91234568
15-Sep,49.5,45.63333333,21.41728395
15-Oct,53.5,48.65555556,25.40864198
15-Nov,42.5,52.04444444,29.49876543
15-Dec,34.5,52.06666667,33.89506173
16-Jan,45.3,51.58888889,37.83580247
16-Feb,55.4,52.03333333,41.38518519
16-Mar,67,54.52222222,44.54074074
16-Apr,71.8,54.32222222,47.66049383
16-May,74.5,54.34444444,50.0654321
16-Jun,67.7,54.88888889,51.69012346
16-Jul,53.5,56.91111111,52.71851852
16-Aug,35.2,56.91111111,53.63580247
16-Sep,45.1,56.1,54.17654321
16-Oct,50.7,57.27777778,54.62469136
16-Nov,65.6,57.87777778,55.25679012
16-Dec,53,59.01111111,55.90617284
17-Jan,74.7,57.45555556,56.40493827
17-Feb,71.9,57.77777778,56.75308642
17-Mar,94.8,57.48888889,57.1345679
17-Apr,74.7,60.5,57.42345679
17-May,114.1,62.85555556,57.82222222
17-Jun,114.9,71.62222222,58.48271605
17-Jul,119.8,79.37777778,60.20740741
17-Aug,154.5,87.05555556,62.66296296
17-Sep,129.4,96.93333333,65.90493827
17-Oct,72.2,105.4222222,70.11851852
17-Nov,96.4,105.1444444,75.44814815
17-Dec,129.3,107.8666667,80.71111111
18-Jan,96,111.7,86.30864198
18-Feb,65.3,114.0666667,91.99753086
18-Mar,72.2,108.6444444,97.68765432
18-Apr,80.5,103.9,101.8012346
18-May,76.7,99.53333333,104.5259259
18-Jun,59.4,90.88888889,105.9123457
18-Jul,107.6,83.11111111,105.2407407
18-Aug,101.7,87.04444444,102.7617284
18-Sep,79.9,87.63333333,100.7506173
18-Oct,85,82.14444444,98.50246914
18-Nov,83.4,80.92222222,95.21851852
18-Dec,59.2,82.93333333,91.53580247
19-Jan,48.1,81.48888889,88.67901235
19-Feb,79.5,77.88888889,86.18888889
19-Mar,66.5,78.2,83.78395062
19-Apr,51.8,78.98888889,82.37407407
19-May,88.1,72.78888889,81.91604938
19-Jun,111.2,71.27777778,80.33209877
19-Jul,64.7,74.75555556,78.51481481
19-Aug,69,72.5,77.69382716
19-Sep,54.7,70.9,76.75802469
19-Oct,52.8,70.4,75.42098765
19-Nov,42,70.92222222,74.18888889
19-Dec,34.9,66.75555556,73.41481481
20-Jan,51.1,63.24444444,72.14320988
20-Feb,53.9,63.16666667,70.39382716
20-Mar,70.2,59.36666667,69.32469136
20-Apr,14.8,54.81111111,68.00123457
20-May,33.3,49.26666667,65.78518519
20-Jun,38.7,45.3,63.2037037
20-Jul,27.5,43.52222222,60.35925926
20-Aug,19.2,40.71111111,57.37283951
20-Sep,36.3,38.17777778,54.01604938
20-Oct,49.6,38.33333333,50.84074074
20-Nov,27.2,38.16666667,48.07283951
20-Dec,29.9,35.2,45.29506173
21-Jan,31.5,30.72222222,42.60987654
21-Feb,28.3,32.57777778,39.93333333
21-Mar,26.7,32.02222222,38.07901235
21-Apr,32.4,30.68888889,36.6037037
21-May,22.2,31.23333333,35.17777778
21-Jun,33.7,31.56666667,34.12469136
21-Jul,41.9,31.27777778,33.39012346
21-Aug,22.8,30.42222222,32.60617284
21-Sep,17.8,29.93333333,31.74567901
21-Oct,18.2,28.58888889,31.16049383
21-Nov,17.8,27.11111111,30.92345679
21-Dec,20.3,25.94444444,30.31604938
22-Jan,11.8,25.23333333,29.64074074
22-Feb,26.4,22.94444444,29.0345679
22-Mar,54.7,23.41111111,28.11358025
22-Apr,11,25.74444444,27.20740741
22-May,8,22.31111111,26.59259259
22-Jun,5.8,20.66666667,25.69135802
22-Jul,10.9,19.33333333,24.6617284
22-Aug,6.5,18.52222222,23.63333333
22-Sep,4.7,17.26666667,22.67901235
22-Oct,6.2,15.53333333,21.71481481
22-Nov,7.4,14.91111111,20.63703704
22-Dec,17.5,12.8,19.74444444
23-Jan,4.5,8.666666667,18.5654321
23-Feb,1.5,7.944444444,16.66790123
23-Mar,3.3,7.222222222,15.07160494
23-Apr,6.1,6.944444444,13.57777778
23-May,3.2,6.411111111,12.20123457
23-Jun,9.1,6.044444444,10.85555556
23-Jul,3.5,6.533333333,9.608641975
23-Aug,0.5,6.233333333,8.608641975
23-Sep,13.2,5.466666667,7.644444444
23-Oct,11.6,4.988888889,6.82962963
23-Nov,10,5.777777778,6.420987654
23-Dec,2.8,6.722222222,6.180246914
24-Jan,0.5,6.666666667,6.124691358
24-Feb,5.1,6.044444444,6.09382716
24-Mar,1.8,6.255555556,6.05308642
24-Apr,11.3,5.444444444,6.07654321
24-May,20.8,6.311111111,5.955555556
24-Jun,24,8.566666667,5.964197531
24-Jul,28.1,9.766666667,6.308641975
24-Aug,19.3,11.6,6.839506173
24-Sep,25.1,12.63333333,7.486419753
24-Oct,25.6,15.11111111,8.143209877
24-Nov,22.5,17.9,9.081481481
24-Dec,16.5,19.83333333,10.39876543
25-Jan,5.5,21.46666667,11.90740741
25-Feb,23.2,20.82222222,13.68765432
25-Mar,18,21.08888889,15.3
25-Apr,31.7,20.42222222,16.69135802
25-May,42.8,20.82222222,17.87530864
25-Jun,47.5,23.43333333,18.9
25-Jul,38.5,25.92222222,20.1
25-Aug,37.9,27.35555556,21.30123457
25-Sep,60.2,29.06666667,22.35185185
25-Oct,69.2,33.92222222,23.37777778
25-Nov,58.6,41,24.7617284
25-Dec,98.6,44.93333333,27.0037037
26-Jan,71.8,53.88888889,29.65308642
26-Feb,70,58.34444444,33.37160494
26-Mar,62.5,61.36666667,37.54074074
26-Apr,38.5,63.03333333,41.75555556
26-May,64.3,63.03333333,45.87901235
26-Jun,73.5,65.96666667,49.84320988
26-Jul,52.3,67.44444444,53.94320988
26-Aug,61.6,65.56666667,57.66790123
26-Sep,60.8,65.9,60.39753086
26-Oct,71.5,61.7,62.72716049
26-Nov,60.5,61.66666667,63.59506173
26-Dec,79.4,60.61111111,63.96419753
27-Jan,81.6,62.48888889,63.88024691
27-Feb,93,67.27777778,63.81975309
27-Mar,69.6,70.46666667,64.29135802
27-Apr,93.5,70.03333333,64.79135802
27-May,79.1,74.61111111,65.07901235
27-Jun,59.1,76.55555556,66.08395062
27-Jul,54.9,76.36666667,67.26790123
27-Aug,53.8,74.52222222,68.89753086
27-Sep,68.4,73.77777778,70.32592593
27-Oct,63.1,72.55555556,71.78888889
27-Nov,67.2,70.5,72.90740741
27-Dec,45.2,67.63333333,73.2654321
28-Jan,83.5,64.92222222,72.95061728
28-Feb,73.5,63.81111111,72.38271605
28-Mar,85.4,63.18888889,71.18271605
28-Apr,80.6,66.11111111,69.69753086
28-May,76.9,68.96666667,68.55802469
28-Jun,91.4,71.53333333,67.94074074
28-Jul,98,74.08888889,67.69135802
28-Aug,83.8,77.96666667,67.8617284
28-Sep,89.7,79.81111111,68.69135802
28-Oct,61.4,84.75555556,70.04444444
28-Nov,50.3,82.3,72.24814815
28-Dec,59,79.72222222,74.30246914
29-Jan,68.9,76.78888889,76.13950617
Feb-29,64.1,75.48888889,77.32592593
29-Mar,50.2,74.06666667,78.05061728
29-Apr,52.8,69.48888889,78.33209877
29-May,58.2,64.46666667,77.82098765
29-Jun,71.9,61.62222222,76.32098765
29-Jul,70.2,59.64444444,74.3
29-Aug,65.8,60.62222222,71.50987654
29-Sep,34.4,62.34444444,69.10123457
29-Oct,54,59.61111111,67.17037037
29-Nov,81.1,57.95555556,65.2617284
29-Dec,108,59.84444444,63.31358025
30-Jan,65.3,66.26666667,61.73333333
Feb-30,49.2,67.65555556,61.37530864
30-Mar,35,66.65555556,61.72962963
30-Apr,38.2,62.55555556,62.28888889
30-May,36.8,59,62.61234568
30-Jun,28.8,55.77777778,62.43209877
30-Jul,21.9,55.15555556,61.70246914
30-Aug,24.9,51.58888889,61.20740741
30-Sep,32.1,45.34444444,60.5
30-Oct,34.4,36.91111111,58.88888889
30-Nov,35.6,33.47777778,55.62716049
30-Dec,25.8,31.96666667,51.82962963
31-Jan,14.6,30.94444444,47.97530864
Feb-31,43.1,28.32222222,44.46296296
31-Mar,30,29.02222222,41.05432099
Apr-31,31.2,29.15555556,38.08148148
31-May,24.6,30.18888889,35.19259259
Jun-31,15.3,30.15555556,32.81481481
31-Jul,17.4,28.28888889,31.12716049
31-Aug,13,26.4,30.1691358
Sep-31,19,23.88888889,29.38271605
31-Oct,10,23.13333333,28.48518519
Nov-31,18.7,22.62222222,27.61728395
31-Dec,17.8,19.91111111,26.98395062
Jan-32,12.1,18.55555556,25.97160494
Feb-32,10.6,16.43333333,24.79382716
Mar-32,11.2,14.87777778,23.2654321
Apr-32,11.2,14.42222222,21.56790123
May-32,17.9,13.73333333,20.02716049
Jun-32,22.2,14.27777778,18.61975309
Jul-32,9.6,14.63333333,17.55185185
Aug-32,6.8,14.58888889,16.60740741
Sep-32,4,13.26666667,15.71481481
Oct-32,8.9,11.73333333,14.97654321
Nov-32,8.2,11.37777778,14.21851852
Dec-32,11,11.11111111,13.65679012
Jan-33,12.3,11.08888889,13.2382716
Feb-33,22.2,11.21111111,12.86790123
Mar-33,10.1,11.68888889,12.58765432
Apr-33,2.9,10.34444444,12.3
May-33,3.2,9.6,11.82345679
Jun-33,5.2,9.2,11.2691358
Jul-33,2.8,9.333333333,10.81728395
Aug-33,0.2,8.655555556,10.55061728
Sep-33,5.1,7.766666667,10.24814815
Oct-33,3,7.111111111,9.87654321
Nov-33,0.6,6.077777778,9.434567901
Dec-33,0.3,3.677777778,8.864197531
Jan-34,3.4,2.588888889,7.974074074
Feb-34,7.8,2.644444444,7.112345679
Mar-34,4.3,3.155555556,6.339506173
Apr-34,11.3,3.055555556,5.667901235
May-34,19.7,4,4.97037037
Jun-34,6.7,6.166666667,4.45308642
Jul-34,9.3,6.344444444,4.275308642
Aug-34,8.3,7.044444444,4.190123457
Sep-34,4,7.9,4.297530864
Oct-34,5.7,8.311111111,4.766666667
Nov-34,8.7,8.566666667,5.402469136
Dec-34,15.4,8.666666667,6.060493827
Jan-35,18.9,9.9,6.672839506
Feb-35,20.5,10.74444444,7.433333333
Mar-35,23.1,10.83333333,8.182716049
Apr-35,12.2,12.65555556,8.701234568
May-35,27.3,12.97777778,9.402469136
Jun-35,45.7,15.08888889,10.0617284
Jul-35,33.9,19.72222222,10.86049383
Aug-35,30.1,22.85555556,12.12839506
Sep-35,42.1,25.23333333,13.71604938
Oct-35,53.2,28.2,15.55679012
Nov-35,64.2,32.01111111,17.59012346
Dec-35,61.5,36.86666667,19.95308642
Jan-36,62.8,41.13333333,22.84567901
Feb-36,74.3,46.75555556,26.00987654
Mar-36,77.1,51.97777778,29.76296296
Apr-36,74.9,55.46666667,33.8617284
May-36,54.6,60.02222222,37.83333333
Jun-36,70,62.74444444,41.96296296
Jul-36,52.3,65.84444444,46.1308642
Aug-36,87,65.74444444,50.31358025
Sep-36,76,68.27777778,54.0617284
Oct-36,89,69.88888889,57.55185185
Nov-36,115.4,72.8,60.74691358
Dec-36,123.4,77.36666667,63.64074074
Jan-37,132.5,82.51111111,66.4617284
Feb-37,128.5,88.91111111,69.46666667
Mar-37,83.9,97.12222222,72.67654321
Apr-37,109.3,98.66666667,76.4962963
May-37,116.7,105,80.14320988
Jun-37,130.3,108.3,84.50493827
Jul-37,145.1,114.3333333,88.95185185
Aug-37,137.7,120.5666667,93.89012346
Sep-37,100.7,123.0444444,99.19753086
Oct-37,124.9,120.5222222,104.2728395
Nov-37,74.4,119.6777778,108.4962963
Dec-37,88.8,113.6666667,111.9148148
Jan-38,98.4,114.2111111,113.7530864
Feb-38,119.2,113,115.4802469
Mar-38,86.5,113.2777778,116.3691358
Apr-38,101,108.4111111,116.9222222
May-38,127.4,103.5111111,116.2641975
Jun-38,97.5,102.3666667,114.3691358
Jul-38,165.3,102.0111111,112.0716049
Aug-38,115.7,106.5,110.0148148
Sep-38,89.6,111.0888889,108.5506173
Oct-38,99.1,111.1777778,108.2641975
Nov-38,122.2,111.2555556,107.9271605
Dec-38,92.7,111.5888889,107.7333333
Jan-39,80.3,112.2777778,107.545679
Feb-39,77.4,109.9777778,107.9753086
Mar-39,64.6,104.4222222,108.6938272
Apr-39,109.1,100.7666667,108.9222222
May-39,118.3,94.52222222,108.7839506
Jun-39,101,94.81111111,107.4530864
Jul-39,97.6,96.07777778,105.6444444
Aug-39,105.8,95.91111111,103.9666667
Sep-39,112.6,94.08888889,102.2617284
Oct-39,88.1,96.3,100.317284
Nov-39,68.1,97.16666667,98.54197531
Dec-39,42.1,96.13333333,97.11851852
Jan-40,50.5,93.63333333,96.19753086
Feb-40,59.4,87.12222222,95.40493827
Mar-40,83.3,80.57777778,94.58271605
Apr-40,60.7,78.61111111,93.00123457
May-40,54.4,74.51111111,91.06049383
Jun-40,83.9,68.8,88.68271605
Jul-40,67.5,65.61111111,85.87283951
Aug-40,105.5,63.32222222,82.46296296
Sep-40,66.5,67.47777778,78.70246914
Oct-40,55,70.18888889,75.51851852
Nov-40,58.4,70.68888889,72.91358025
Dec-40,68.3,70.57777778,71.08765432
Jan-41,45.6,68.91111111,69.97654321
Feb-41,44.5,67.23333333,68.89876543
Mar-41,46.4,66.13333333,68.09012346
Apr-41,32.8,61.96666667,67.79382716
May-41,29.5,58.11111111,67.38888889
Jun-41,59.8,49.66666667,66.80987654
Jul-41,66.9,48.92222222,64.8308642
Aug-41,60,50.24444444,62.46790123
Sep-41,65.9,50.42222222,60.1962963
Oct-41,46.3,50.15555556,57.95679012
Nov-41,38.3,50.23333333,55.87283951
Dec-41,33.7,49.54444444,53.98395062
Jan-42,35.6,48.13333333,52.14074074
Feb-42,52.8,48.44444444,50.6037037
Mar-42,54.2,51.03333333,49.52962963
Apr-42,60.7,50.41111111,49.68148148
May-42,25,49.72222222,49.84691358
Jun-42,11.4,45.83333333,49.78888889
Jul-42,17.7,39.77777778,49.27901235
Aug-42,20.2,36.6,48.12592593
Sep-42,17.2,34.58888889,46.61111111
Oct-42,19.2,32.75555556,44.94938272
Nov-42,30.7,30.93333333,43.24074074
Dec-42,22.5,28.47777778,41.29506173
Jan-43,12.4,24.95555556,38.78888889
Feb-43,28.9,19.58888889,35.96049383
Mar-43,27.4,20.02222222,32.61234568
Apr-43,26.1,21.8,29.74444444
May-43,14.1,22.73333333,27.74691358
Jun-43,7.6,22.05555556,26.20617284
Jul-43,13.2,20.98888889,24.81358025
Aug-43,19.4,20.32222222,23.50617284
Sep-43,10,19.06666667,22.32716049
Oct-43,7.8,17.67777778,21.28148148
Nov-43,10.2,17.16666667,20.47283951
Dec-43,18.8,15.08888889,20.2037037
Jan-44,3.7,14.13333333,19.65555556
Feb-44,0.5,11.64444444,18.8037037
Mar-44,11,10.13333333,17.57160494
Apr-44,0.3,10.51111111,16.24691358
May-44,2.5,9.077777778,15.08271605
Jun-44,5,7.2,13.83333333
Jul-44,5,6.644444444,12.51481481
Aug-44,16.7,6.333333333,11.28888889
Sep-44,14.3,7.055555556,10.08518519
Oct-44,16.9,6.555555556,9.192592593
Nov-44,10.8,8.022222222,8.350617284
Dec-44,28.4,9.166666667,7.948148148
Jan-45,18.5,11.1,7.840740741
Feb-45,12.7,13.12222222,7.90617284
Mar-45,21.5,14.25555556,8.355555556
Apr-45,32,16.08888889,9.139506173
May-45,30.6,19.08888889,10.18888889
Jun-45,36.2,20.63333333,11.60617284
Jul-45,42.6,23.06666667,13.11481481
Aug-45,25.9,25.92222222,14.94938272
Sep-45,34.9,27.6,16.9382716
Oct-45,68.8,28.32222222,18.98641975
Nov-45,46,33.91111111,20.9
Dec-45,27.4,37.61111111,23.20987654
Jan-46,47.6,38.26666667,25.80493827
Feb-46,86.2,40,28.2691358
Mar-46,76.6,46.17777778,30.59259259
Apr-46,75.7,50.66666667,33.4308642
May-46,84.9,54.34444444,36.49753086
Jun-46,73.5,60.9,39.65555556
Jul-46,116.2,65.18888889,43.35555556
Aug-46,107.2,70.45555556,47.45185185
Sep-46,94.4,77.25555556,51.51234568
Oct-46,102.3,84.7,55.91728395
Nov-46,123.8,90.77777778,61.07654321
Dec-46,121.7,94.95555556,66.71851852
Jan-47,115.7,99.96666667,72.1382716
Feb-47,113.4,104.4111111,77.61604938
Mar-47,129.8,107.5777778,83.17901235
Apr-47,149.8,113.8333333,88.3654321
May-47,201.3,117.5666667,93.77037037
Jun-47,163.9,128.0222222,99.00493827
Jul-47,157.9,135.7444444,104.645679
Aug-47,188.8,141.9222222,110.317284
Sep-47,169.4,149.1444444,116
Oct-47,163.6,154.4444444,122.0209877
Nov-47,128,159.7666667,128.0740741
Dec-47,116.5,161.3888889,134.2246914
Jan-48,108.5,159.9111111,140.2037037
Feb-48,86.1,155.3222222,145.3234568
Mar-48,94.8,142.5222222,149.5185185
Apr-48,189.7,134.8444444,151.1296296
May-48,174,138.3777778,151.0296296
Jun-48,167.8,136.7333333,150.6358025
Jul-48,142.2,136.5555556,149.2567901
Aug-48,157.9,134.1777778,147.2691358
Sep-48,143.3,137.5,144.4259259
Oct-48,136.3,140.4777778,141.7716049
Nov-48,95.8,143.5666667,139.6123457
Dec-48,138,144.6444444,138.3061728
Jan-49,119.1,149.4444444,138.5419753
Feb-49,182.3,141.6,140.1641975
Mar-49,157.5,142.5222222,140.5222222
Apr-49,147,141.3777778,141.1654321
May-49,106.2,141.9111111,141.7012346
Jun-49,121.7,136.1666667,142.5604938
Jul-49,125.8,133.7666667,142.4123457
Aug-49,123.8,132.6,141.6666667
Sep-49,145.3,135.7111111,140.4481481
Oct-49,131.6,136.5222222,139.4555556
Nov-49,143.5,137.9111111,138.0197531
Dec-49,117.6,133.6,137.6098765
Jan-50,101.6,129.1666667,136.6185185
Feb-50,94.8,124.1222222,135.2617284
Mar-50,109.7,122.8555556,133.2851852
Apr-50,113.4,121.5222222,131.8061728
May-50,106.2,120.1444444,130.445679
Jun-50,83.6,118.1888889,129.0617284
Jul-50,91,111.3333333,127.1148148
Aug-50,85.2,106.8222222,124.3160494
Sep-50,51.3,100.3444444,120.8617284
Oct-50,61.4,92.97777778,117.1666667
Nov-50,54.8,88.51111111,113.145679
Dec-50,54.1,84.06666667,109.1888889
Jan-51,59.9,77.88888889,104.8790123
Feb-51,59.9,71.94444444,100.0308642
Mar-51,59.9,66.8,94.67530864
Apr-51,92.9,64.16666667,88.9654321
May-51,108.5,64.37777778,83.72469136
Jun-51,100.6,66.96666667,79.00864198
Jul-51,61.5,72.44444444,75.3
Aug-51,61,72.45555556,73.01851852
Sep-51,83.1,73.14444444,71.2345679
Oct-51,51.6,76.36666667,70.02098765
Nov-51,52.4,75.44444444,69.85185185
Dec-51,45.8,74.61111111,70.24074074
Jan-52,40.7,73.04444444,71.10864198
Feb-52,22.7,67.24444444,72.09506173
Mar-52,22,57.71111111,72.41358025
Apr-52,29.1,48.97777778,71.38518519
May-52,23.4,45.37777778,68.77777778
Jun-52,36.4,41.2,65.7691358
Jul-52,39.3,36.01111111,62.21975309
Aug-52,54.9,34.64444444,57.73580247
Sep-52,28.2,34.92222222,53.20246914
Oct-52,23.8,32.96666667,48.79259259
Nov-52,22.1,31.08888889,44.33950617
Dec-52,34.3,31.02222222,40.32222222
Jan-53,26.5,32.38888889,37.35679012
Feb-53,3.9,32.1,35.51358025
Mar-53,10,29.93333333,34.0382716
Apr-53,27.8,27,32.78641975
May-53,12.5,25.72222222,31.78518519
Jun-53,21.8,21.01111111,30.79382716
Jul-53,8.6,20.3,29.24814815
Aug-53,23.5,18.61111111,27.84074074
Sep-53,19.3,18.76666667,26.45432099
Oct-53,8.2,17.1,25.09259259
Nov-53,1.6,15.06666667,23.39382716
Dec-53,2.5,14.81111111,21.50123457
Jan-54,0.2,13.97777778,19.82098765
Feb-54,0.5,10.91111111,18.37407407
Mar-54,10.9,9.577777778,16.72839506
Apr-54,1.8,8.366666667,15.45802469
May-54,0.8,7.611111111,14.13209877
Jun-54,0.2,5.088888889,12.90987654
Jul-54,4.8,2.966666667,11.39012346
Aug-54,8.4,2.588888889,9.819753086
Sep-54,1.5,3.344444444,8.433333333
Oct-54,7,3.233333333,7.159259259
Nov-54,9.2,3.988888889,5.965432099
Dec-54,7.6,4.955555556,5.196296296
Jan-55,23.1,4.588888889,4.682716049
Feb-55,20.8,6.955555556,4.262962963
Mar-55,4.9,9.177777778,4.190123457
Apr-55,11.3,9.7,4.644444444
May-55,28.9,10.42222222,5.392592593
Jun-55,31.7,12.7,6.262962963
Jul-55,26.7,16.05555556,7.302469136
Aug-55,40.7,18.24444444,8.727160494
Sep-55,42.7,21.74444444,10.31111111
Oct-55,58.5,25.64444444,12.17654321
Nov-55,89.2,29.57777778,14.51604938
Dec-55,76.9,37.17777778,17.02962963
Jan-56,73.6,45.17777778,20.14074074
Feb-56,124,52.1,24.08271605
Mar-56,118.4,62.66666667,28.71358025
Apr-56,110.7,72.3,34.2654321
May-56,136.6,81.63333333,40.51481481
Jun-56,116.6,92.28888889,47.55802469
Jul-56,129.1,100.5,55.3962963
Aug-56,169.6,108.3444444,63.71358025
Sep-56,173.2,117.2777778,72.4654321
Oct-56,155.3,127.9777778,81.3654321
Nov-56,201.3,137.0555556,90.5654321
Dec-56,192.1,145.6444444,100.0049383
Jan-57,165,153.8333333,109.2246914
Feb-57,130.2,159.8666667,118.2839506
Mar-57,157.4,159.1555556,126.9765432
Apr-57,175.2,163.6888889,134.4061728
May-57,164.6,168.8111111,141.4271605
Jun-57,200.7,168.2555556,148.145679
Jul-57,187.2,171.3111111,153.8098765
Aug-57,158,174.8555556,158.6246914
Sep-57,235.8,170.0444444,162.8246914
Oct-57,253.8,174.9,165.5358025
Nov-57,210.9,184.7666667,167.8765432
Dec-57,239.4,193.7333333,170.6432099
Jan-58,202.5,202.8444444,174.4851852
Feb-58,164.9,205.8777778,178.8358025
Mar-58,190.7,205.9111111,182.954321
Apr-58,196,204.8,187.1382716
May-58,175.3,205.7777778,190.8592593
Jun-58,171.5,207.7,194.2950617
Jul-58,191.4,200.5555556,198.4790123
Aug-58,200.2,193.6222222,201.3296296
Sep-58,201.2,192.4333333,202.3135802
Oct-58,181.5,188.1888889,202.1691358
Nov-58,152.3,185.8555556,200.5407407
Dec-58,187.6,184.4555556,198.3160494
Jan-59,217.4,184.1111111,195.9320988
Feb-59,143.1,186.4888889,193.6333333
Mar-59,185.7,182.9111111,191.4901235
Apr-59,163.3,184.4888889,188.7358025
May-59,172,181.3666667,186.9506173
Jun-59,168.7,178.2333333,185.5888889
Jul-59,149.6,174.6222222,184.0111111
Aug-59,199.6,171.0777778,182.5037037
Sep-59,145.2,176.3333333,180.8617284
Oct-59,111.4,171.6222222,179.9592593
Nov-59,124,159.8444444,178.5716049
Dec-59,125,157.7222222,175.6111111
Jan-60,146.3,150.9777778,172.8123457
Feb-60,106,149.0888889,169.0888889
Mar-60,102.2,141.7555556,165.5024691
Apr-60,122,134.3666667,161.4493827
May-60,119.6,131.3,156.9765432
Jun-60,110.2,122.4111111,152.5567901
Jul-60,121.7,118.5222222,146.5654321
Aug-60,134.1,119.6666667,140.6654321
Sep-60,127.2,120.7888889,136.2012346
Oct-60,82.8,121.0333333,132.0975309
Nov-60,89.6,113.9777778,128.7703704
Dec-60,85.6,112.1555556,124.8691358
Jan-61,57.9,110.3111111,121.5802469
Feb-61,46.1,103.1888889,118.9074074
Mar-61,53,95.02222222,115.7839506
Apr-61,61.4,88.66666667,112.7407407
May-61,51,81.96666667,109.4234568
Jun-61,77.4,72.73333333,105.2345679
Jul-61,70.2,67.2,99.89506173
Aug-61,55.9,65.8,93.91358025
Sep-61,63.6,62.05555556,88.56049383
Oct-61,37.7,59.61111111,82.99382716
Nov-61,32.6,57.36666667,77.36049383
Dec-61,40,55.86666667,72.2691358
Jan-62,38.7,54.42222222,67.91851852
Feb-62,50.3,51.9,64.11358025
Mar-62,45.6,51.82222222,60.77283951
Apr-62,46.4,48.28888889,58.44938272
May-62,43.7,45.64444444,56.34814815
Jun-62,42,44.28888889,54.10864198
Jul-62,21.8,41.88888889,52.1345679
Aug-62,21.8,40.12222222,50.1654321
Sep-62,51.3,38.92222222,48.24938272
Oct-62,39.5,40.17777778,46.36666667
Nov-62,26.9,40.26666667,44.78395062
Dec-62,23.2,37.66666667,43.49135802
Jan-63,19.8,35.17777778,41.91851852
Feb-63,24.4,32.22222222,40.4617284
Mar-63,17.1,30.07777778,38.97037037
Apr-63,29.3,27.31111111,37.39135802
May-63,43,28.14444444,35.77160494
Jun-63,35.9,30.5,34.44074074
Jul-63,19.6,28.78888889,33.50493827
Aug-63,33.2,26.57777778,32.23950617
Sep-63,38.8,27.27777778,30.71851852
Oct-63,35.3,29.01111111,29.56419753
Nov-63,23.4,30.73333333,28.87901235
Dec-63,14.9,30.62222222,28.71358025
Jan-64,15.3,30.37777778,28.77407407
Feb-64,17.7,28.82222222,29.11481481
Mar-64,16.5,26.01111111,29.19012346
Apr-64,8.6,23.85555556,28.69135802
May-64,9.5,22.63333333,28.14320988
Jun-64,9.1,20,27.70493827
Jul-64,3.1,16.7,26.8962963
Aug-64,9.3,13.12222222,25.52839506
Sep-64,4.7,11.55555556,23.57160494
Oct-64,6.1,10.42222222,21.45308642
Nov-64,7.4,9.4,19.23580247
Dec-64,15.1,8.255555556,17.07777778
Jan-65,17.5,8.1,15.10493827
Feb-65,14.2,9.088888889,13.35432099
Mar-65,11.7,9.611111111,11.84938272
Apr-65,6.8,9.9,10.69506173
May-65,24.1,10.31111111,9.939506173
Jun-65,15.9,11.95555556,9.627160494
Jul-65,11.9,13.2,9.671604938
Aug-65,8.9,13.84444444,9.980246914
Sep-65,16.8,14.01111111,10.47407407
Oct-65,20.1,14.2,11.11358025
Nov-65,15.8,14.48888889,11.79135802
Dec-65,17,14.66666667,12.39135802
Jan-66,28.2,15.25555556,12.95308642
Feb-66,24.4,17.63333333,13.54814815
Mar-66,25.3,17.66666667,14.3617284
Apr-66,48.7,18.71111111,14.9962963
May-66,45.3,22.8,15.60864198
Jun-66,47.7,26.84444444,16.6037037
Jul-66,56.7,30.27777778,18.02962963
Aug-66,51.2,34.34444444,19.81604938
Sep-66,50.2,38.27777778,22.02222222
Oct-66,57.2,41.96666667,24.64567901
Nov-66,57.2,45.18888889,27.61358025
Dec-66,70.4,48.83333333,30.67530864
Jan-67,110.9,53.84444444,34.1382716
Feb-67,93.6,60.75555556,38.04197531
Mar-67,111.8,66.12222222,42.25925926
Apr-67,69.5,73.24444444,46.62345679
May-67,86.5,74.66666667,51.39753086
Jun-67,67.3,78.58888889,55.87777778
Jul-67,91.5,80.48888889,60.35679012
Aug-67,107.2,84.3,64.63703704
Sep-67,76.8,89.85555556,68.98271605
Oct-67,88.2,90.56666667,73.54074074
Nov-67,94.3,88.04444444,77.62098765
Dec-67,126.4,88.12222222,80.65308642
Jan-68,121.8,89.74444444,83.09753086
Feb-68,111.9,95.55555556,84.9308642
Mar-68,92.2,98.37777778,87.25185185
Apr-68,81.2,101.1444444,89.45061728
May-68,127.2,100,91.74567901
Jun-68,110.3,102.2222222,93.49012346
Jul-68,96.1,105.9444444,94.86419753
Aug-68,109.3,106.8222222,96.57283951
Sep-68,117.2,108.4888889,98.65925926
Oct-68,107.7,107.4666667,100.9222222
Nov-68,86,105.9,102.891358
Dec-68,109.8,103.0222222,104.0407407
Jan-69,104.4,104.9777778,104.5567901
Feb-69,120.5,107.5555556,104.982716
Mar-69,135.8,106.8111111,105.8222222
Apr-69,106.8,109.6444444,106.3320988
May-69,120,110.8333333,106.7432099
Jun-69,106,112.0222222,107.1888889
Jul-69,96.8,110.7777778,107.5814815
Aug-69,98,109.5666667,107.9493827
Sep-69,91.3,110.9,108.3567901
Oct-69,95.7,108.8444444,109.2320988
Nov-69,93.5,107.8777778,109.6617284
Dec-69,97.9,104.8777778,109.6975309
Jan-70,111.5,100.6666667,109.482716
Feb-70,127.8,101.1888889,108.4851852
Mar-70,102.9,102.0555556,107.4135802
Apr-70,109.5,101.7111111,106.3061728
May-70,127.5,103.1222222,105.2987654
Jun-70,106.8,106.4,104.582716
Jul-70,112.5,108.1222222,104.082716
Aug-70,93,109.9888889,104.0024691
Sep-70,99.5,109.9333333,104.237037
Oct-70,86.6,110.1111111,104.7987654
Nov-70,95.2,107.3444444,105.8481481
Dec-70,83.5,103.7222222,106.5320988
Jan-71,91.3,101.5666667,106.717284
Feb-71,79,99.54444444,106.7012346
Mar-71,60.7,94.15555556,106.3037037
Apr-71,71.8,89.03333333,104.9432099
May-71,57.5,84.51111111,102.8222222
Jun-71,49.8,80.56666667,99.99135802
Jul-71,81,75.04444444,96.72839506
Aug-71,61.4,74.42222222,92.83209877
Sep-71,50.2,70.66666667,89.17407407
Oct-71,51.7,66.96666667,85.50123457
Nov-71,63.2,62.56666667,81.65679012
Dec-71,82.2,60.81111111,77.54814815
Jan-72,61.5,63.2,73.84320988
Feb-72,88.4,62.05555556,70.97283951
Mar-72,80.1,65.48888889,68.47777778
Apr-72,63.2,68.85555556,66.80246914
May-72,80.5,66.87777778,66.11481481
Jun-72,88,69,65.27654321
Jul-72,76.5,73.2,65.09135802
Aug-72,76.8,75.95555556,65.78395062
Sep-72,64,77.46666667,67.27160494
Oct-72,61.3,75.44444444,69.12222222
Nov-72,41.6,75.42222222,70.48271605
Dec-72,45.3,70.22222222,71.96790123
Jan-73,43.4,66.35555556,72.49382716
Feb-73,42.9,64.15555556,72.21604938
Mar-73,46,59.97777778,71.91358025
Apr-73,57.7,55.31111111,70.91111111
May-73,42.4,53.22222222,68.92345679
Jun-73,39.5,49.4,66.39753086
Jul-73,23.1,46.67777778,63.27901235
Aug-73,25.6,42.43333333,60.08271605
Sep-73,59.3,40.65555556,56.41728395
Oct-73,30.7,42.21111111,53.13209877
Nov-73,23.9,40.8,50.44938272
Dec-73,23.3,38.68888889,47.85432099
Jan-74,27.6,36.16666667,45.48888889
Feb-74,26,32.82222222,43.3617284
Mar-74,21.3,31,41.09506173
Apr-74,40.3,28.97777778,39.05061728
May-74,39.5,30.88888889,37.08395062
Jun-74,36,32.43333333,35.80123457
Jul-74,55.8,29.84444444,34.88765432
Aug-74,33.6,32.63333333,33.51358025
Sep-74,40.2,33.71111111,32.60617284
Oct-74,47.1,35.58888889,32.05308642
Nov-74,25,37.75555556,31.98888889
Dec-74,20.5,37.64444444,32.53703704
Jan-75,18.9,37.55555556,33.27530864
Feb-75,11.5,35.17777778,34.22839506
Mar-75,11.5,32.06666667,34.70493827
Apr-75,5.1,29.34444444,34.66419753
May-75,9,23.71111111,34.60864198
Jun-75,11.4,20.97777778,33.61728395
Jul-75,28.2,17.77777778,32.20246914
Aug-75,39.7,15.67777778,30.22345679
Sep-75,13.9,17.31111111,27.77037037
Oct-75,9.1,16.57777778,25.51111111
Nov-75,19.4,15.48888889,23.18024691
Dec-75,7.8,16.36666667,20.99259259
Jan-76,8.1,15.95555556,19.24814815
Feb-76,4.3,16.28888889,17.76049383
Mar-76,21.9,15.76666667,16.93580247
Apr-76,18.8,16.93333333,16.35679012
May-76,12.4,15.88888889,16.26296296
Jun-76,12.2,12.85555556,16.28641975
Jul-76,1.9,12.66666667,15.79135802
Aug-76,16.4,11.86666667,15.35679012
Sep-76,13.5,11.53333333,14.95432099
Oct-76,20.6,12.16666667,14.41728395
Nov-76,5.2,13.55555556,13.9962963
Dec-76,15.3,13.65555556,13.69259259
Jan-77,16.4,12.92222222,13.45802469
Feb-77,23.1,12.65555556,13.01234568
Mar-77,8.7,13.84444444,12.65308642
Apr-77,12.9,13.45555556,12.76296296
May-77,18.6,14.67777778,12.85061728
Jun-77,38.5,14.92222222,13.16296296
Jul-77,21.4,17.7,13.53950617
Aug-77,30.1,17.78888889,14.15432099
Sep-77,44,20.55555556,14.62469136
Oct-77,43.8,23.74444444,15.39135802
Nov-77,29.1,26.78888889,16.59382716
Dec-77,43.2,27.45555556,18.16419753
Jan-78,51.9,31.28888889,19.67654321
Feb-78,93.6,35.62222222,21.65802469
Mar-78,76.5,43.95555556,23.98518519
Apr-78,99.7,48.17777778,27.21111111
May-78,82.7,56.87777778,30.59753086
Jun-78,95.1,62.72222222,34.94074074
Jul-78,70.4,68.4,39.62592593
Aug-78,58.1,71.35555556,44.58765432
Sep-78,138.2,74.57777778,49.53950617
Oct-78,125.1,85.13333333,54.77530864
Nov-78,97.9,93.26666667,60.75802469
Dec-78,122.7,93.74444444,67.16296296
Jan-79,166.6,98.87777778,72.69506173
Feb-79,137.5,106.3111111,78.32839506
Mar-79,138,112.4,83.82098765
Apr-79,101.5,117.1666667,89.34074074
May-79,134.4,120.6222222,94.75925926
Jun-79,149.5,129.1,100.2333333
Jul-79,159.4,130.3555556,106.291358
Aug-79,142.2,134.1666667,111.3160494
Sep-79,188.4,139.0888889,115.8604938
Oct-79,186.2,146.3888889,120.8987654
Nov-79,183.3,148.5666667,126.1777778
Dec-79,176.3,153.6555556,130.8728395
Jan-80,159.6,157.9111111,135.4567901
Feb-80,155,164.3666667,139.9839506
Mar-80,126.2,166.6555556,144.8444444
Apr-80,164.1,164.0666667,149.017284
May-80,179.9,164.5888889,152.762963
Jun-80,157.3,168.7777778,156.1432099
Jul-80,136.3,165.3222222,159.4419753
Aug-80,135.4,159.7777778,161.545679
Sep-80,155,154.4555556,162.791358
Oct-80,164.7,152.0888889,162.8802469
Nov-80,147.9,152.6555556,162.2333333
Dec-80,174.4,151.8666667,160.9320988
Jan-81,114,157.2222222,159.2888889
Feb-81,141.3,151.6555556,158.5283951
Mar-81,135.5,147.3666667,157.091358
Apr-81,156.4,144.9444444,154.7123457
May-81,127.5,147.1777778,152.4481481
Jun-81,90,146.3,151.0481481
Jul-81,143.8,139.0777778,150.1419753
Aug-81,158.7,136.7555556,148.6962963
Sep-81,167.3,137.9555556,146.9296296
Oct-81,162.4,137.1666667,145.3839506
Nov-81,137.5,142.5444444,143.1555556
Dec-81,150.1,142.1222222,142.1432099
Jan-82,111.2,143.7444444,141.5604938
Feb-82,163.6,138.7222222,141.4271605
Mar-82,153.8,142.7333333,140.4876543
Apr-82,122,149.8222222,140.091358
May-82,82.2,147.4,141.2851852
Jun-82,110.4,138.9,142.4679012
Jul-82,106.1,132.5777778,142.5728395
Aug-82,107.6,126.3222222,142.062963
Sep-82,118.8,123,140.2604938
Oct-82,94.7,119.5222222,138.1358025
Nov-82,98.1,117.6888889,135.4444444
Dec-82,127,110.4111111,133.1074074
Jan-83,84.3,107.4333333,129.5160494
Feb-83,51,103.2444444,124.8061728
Mar-83,66.5,99.77777778,119.9
Apr-83,80.7,94.9,115.5530864
May-83,99.2,92.07777778,111.3666667
Jun-83,91.1,91.14444444,107.5617284
Jul-83,82.2,88.06666667,104.0222222
Aug-83,71.8,86.67777778,100.5271605
Sep-83,50.3,83.75555556,97.08148148
Oct-83,55.8,75.23333333,94.11975309
Nov-83,33.3,72.06666667,90.54197531
Dec-83,33.4,70.1,87.07777778
